id,level,difficulty,type,topic,concept,question,option_a,feedback_a,option_b,feedback_b,option_c,feedback_c,option_d,feedback_d,correct
B1LIFE001,B1,medium,reading,Plans & Time,schedule change,"Ece, arkadaşına şu mesajı gönderdi: ""Doktor randevusu 10.00 yerine 11.30’da başlayacak; doktorun acil bir toplantısı olduğu için."" Buna göre hangi bilgi doğrudur?",Doktor randevusu 11.30’da başlayacak.,Doğru. Mesajda yalnızca başlangıç saatinin 10.00’dan 11.30’a değiştiği söyleniyor.,Doktor randevusu iptal edildi.,Bu seçenek metindeki bilgiyle uyuşmuyor. Mesajda yalnızca başlangıç saatinin 10.00’dan 11.30’a değiştiği söyleniyor.,Doktor randevusu 10.00’da başlayacak.,Bu seçenek metindeki bilgiyle uyuşmuyor. Mesajda yalnızca başlangıç saatinin 10.00’dan 11.30’a değiştiği söyleniyor.,Doktor randevusu yarına ertelendi.,Bu seçenek metindeki bilgiyle uyuşmuyor. Mesajda yalnızca başlangıç saatinin 10.00’dan 11.30’a değiştiği söyleniyor.,A
B1LIFE002,B1,medium,reading,Plans & Time,schedule change,"Mert, arkadaşına şu mesajı gönderdi: ""Proje görüşmesi 14.00 yerine 15.00’da başlayacak; müşteri trafikte kaldığı için."" Buna göre hangi bilgi doğrudur?",Proje görüşmesi iptal edildi.,Bu seçenek metindeki bilgiyle uyuşmuyor. Mesajda yalnızca başlangıç saatinin 14.00’dan 15.00’a değiştiği söyleniyor.,Proje görüşmesi 15.00’da başlayacak.,Doğru. Mesajda yalnızca başlangıç saatinin 14.00’dan 15.00’a değiştiği söyleniyor.,Proje görüşmesi 14.00’da başlayacak.,Bu seçenek metindeki bilgiyle uyuşmuyor. Mesajda yalnızca başlangıç saatinin 14.00’dan 15.00’a değiştiği söyleniyor.,Proje görüşmesi yarına ertelendi.,Bu seçenek metindeki bilgiyle uyuşmuyor. Mesajda yalnızca başlangıç saatinin 14.00’dan 15.00’a değiştiği söyleniyor.,B
B1LIFE003,B1,medium,reading,Plans & Time,schedule change,"Selin, arkadaşına şu mesajı gönderdi: ""Kahve buluşması 16.30 yerine 17.15’da başlayacak; işten geç çıkacağı için."" Buna göre hangi bilgi doğrudur?",Kahve buluşması iptal edildi.,Bu seçenek metindeki bilgiyle uyuşmuyor. Mesajda yalnızca başlangıç saatinin 16.30’dan 17.15’a değiştiği söyleniyor.,Kahve buluşması 16.30’da başlayacak.,Bu seçenek metindeki bilgiyle uyuşmuyor. Mesajda yalnızca başlangıç saatinin 16.30’dan 17.15’a değiştiği söyleniyor.,Kahve buluşması 17.15’da başlayacak.,Doğru. Mesajda yalnızca başlangıç saatinin 16.30’dan 17.15’a değiştiği söyleniyor.,Kahve buluşması yarına ertelendi.,Bu seçenek metindeki bilgiyle uyuşmuyor. Mesajda yalnızca başlangıç saatinin 16.30’dan 17.15’a değiştiği söyleniyor.,C
B1LIFE004,B1,medium,reading,Plans & Time,schedule change,"Can, arkadaşına şu mesajı gönderdi: ""Online ders 19.00 yerine 20.00’da başlayacak; öğretmenin bağlantı sorunu yaşadığı için."" Buna göre hangi bilgi doğrudur?",Online ders iptal edildi.,Bu seçenek metindeki bilgiyle uyuşmuyor. Mesajda yalnızca başlangıç saatinin 19.00’dan 20.00’a değiştiği söyleniyor.,Online ders 19.00’da başlayacak.,Bu seçenek metindeki bilgiyle uyuşmuyor. Mesajda yalnızca başlangıç saatinin 19.00’dan 20.00’a değiştiği söyleniyor.,Online ders yarına ertelendi.,Bu seçenek metindeki bilgiyle uyuşmuyor. Mesajda yalnızca başlangıç saatinin 19.00’dan 20.00’a değiştiği söyleniyor.,Online ders 20.00’da başlayacak.,Doğru. Mesajda yalnızca başlangıç saatinin 19.00’dan 20.00’a değiştiği söyleniyor.,D
B1LIFE005,B1,medium,reading,Plans & Time,schedule change,"Derya, arkadaşına şu mesajı gönderdi: ""Spor dersi 18.00 yerine 18.45’da başlayacak; salondaki önceki ders uzadığı için."" Buna göre hangi bilgi doğrudur?",Spor dersi 18.45’da başlayacak.,Doğru. Mesajda yalnızca başlangıç saatinin 18.00’dan 18.45’a değiştiği söyleniyor.,Spor dersi iptal edildi.,Bu seçenek metindeki bilgiyle uyuşmuyor. Mesajda yalnızca başlangıç saatinin 18.00’dan 18.45’a değiştiği söyleniyor.,Spor dersi 18.00’da başlayacak.,Bu seçenek metindeki bilgiyle uyuşmuyor. Mesajda yalnızca başlangıç saatinin 18.00’dan 18.45’a değiştiği söyleniyor.,Spor dersi yarına ertelendi.,Bu seçenek metindeki bilgiyle uyuşmuyor. Mesajda yalnızca başlangıç saatinin 18.00’dan 18.45’a değiştiği söyleniyor.,A
B1LIFE006,B1,medium,reading,Plans & Time,schedule change,"Emre, arkadaşına şu mesajı gönderdi: ""Ev ziyareti 13.00 yerine 14.30’da başlayacak; otobüsü kaçırdığı için."" Buna göre hangi bilgi doğrudur?",Ev ziyareti iptal edildi.,Bu seçenek metindeki bilgiyle uyuşmuyor. Mesajda yalnızca başlangıç saatinin 13.00’dan 14.30’a değiştiği söyleniyor.,Ev ziyareti 14.30’da başlayacak.,Doğru. Mesajda yalnızca başlangıç saatinin 13.00’dan 14.30’a değiştiği söyleniyor.,Ev ziyareti 13.00’da başlayacak.,Bu seçenek metindeki bilgiyle uyuşmuyor. Mesajda yalnızca başlangıç saatinin 13.00’dan 14.30’a değiştiği söyleniyor.,Ev ziyareti yarına ertelendi.,Bu seçenek metindeki bilgiyle uyuşmuyor. Mesajda yalnızca başlangıç saatinin 13.00’dan 14.30’a değiştiği söyleniyor.,B
B1LIFE007,B1,medium,reading,Plans & Time,schedule change,"Zeynep, arkadaşına şu mesajı gönderdi: ""Kuaför randevusu 09.30 yerine 10.15’da başlayacak; kuaför başka bir müşteriyi geç bitireceği için."" Buna göre hangi bilgi doğrudur?",Kuaför randevusu iptal edildi.,Bu seçenek metindeki bilgiyle uyuşmuyor. Mesajda yalnızca başlangıç saatinin 09.30’dan 10.15’a değiştiği söyleniyor.,Kuaför randevusu 09.30’da başlayacak.,Bu seçenek metindeki bilgiyle uyuşmuyor. Mesajda yalnızca başlangıç saatinin 09.30’dan 10.15’a değiştiği söyleniyor.,Kuaför randevusu 10.15’da başlayacak.,Doğru. Mesajda yalnızca başlangıç saatinin 09.30’dan 10.15’a değiştiği söyleniyor.,Kuaför randevusu yarına ertelendi.,Bu seçenek metindeki bilgiyle uyuşmuyor. Mesajda yalnızca başlangıç saatinin 09.30’dan 10.15’a değiştiği söyleniyor.,C
B1LIFE008,B1,medium,reading,Plans & Time,schedule change,"Burak, arkadaşına şu mesajı gönderdi: ""Ekip toplantısı 11.00 yerine 12.00’da başlayacak; yöneticinin başka bir toplantısı olduğu için."" Buna göre hangi bilgi doğrudur?",Ekip toplantısı iptal edildi.,Bu seçenek metindeki bilgiyle uyuşmuyor. Mesajda yalnızca başlangıç saatinin 11.00’dan 12.00’a değiştiği söyleniyor.,Ekip toplantısı 11.00’da başlayacak.,Bu seçenek metindeki bilgiyle uyuşmuyor. Mesajda yalnızca başlangıç saatinin 11.00’dan 12.00’a değiştiği söyleniyor.,Ekip toplantısı yarına ertelendi.,Bu seçenek metindeki bilgiyle uyuşmuyor. Mesajda yalnızca başlangıç saatinin 11.00’dan 12.00’a değiştiği söyleniyor.,Ekip toplantısı 12.00’da başlayacak.,Doğru. Mesajda yalnızca başlangıç saatinin 11.00’dan 12.00’a değiştiği söyleniyor.,D
B1LIFE009,B1,medium,reading,Plans & Time,schedule change,"Aslı, arkadaşına şu mesajı gönderdi: ""Akşam yemeği 19.30 yerine 20.15’da başlayacak; misafirlerden biri geç geleceği için."" Buna göre hangi bilgi doğrudur?",Akşam yemeği 20.15’da başlayacak.,Doğru. Mesajda yalnızca başlangıç saatinin 19.30’dan 20.15’a değiştiği söyleniyor.,Akşam yemeği iptal edildi.,Bu seçenek metindeki bilgiyle uyuşmuyor. Mesajda yalnızca başlangıç saatinin 19.30’dan 20.15’a değiştiği söyleniyor.,Akşam yemeği 19.30’da başlayacak.,Bu seçenek metindeki bilgiyle uyuşmuyor. Mesajda yalnızca başlangıç saatinin 19.30’dan 20.15’a değiştiği söyleniyor.,Akşam yemeği yarına ertelendi.,Bu seçenek metindeki bilgiyle uyuşmuyor. Mesajda yalnızca başlangıç saatinin 19.30’dan 20.15’a değiştiği söyleniyor.,A
B1LIFE010,B1,medium,reading,Plans & Time,schedule change,"Kerem, arkadaşına şu mesajı gönderdi: ""Kurs başlangıcı 17.00 yerine 17.45’da başlayacak; eğitmenin yolu uzadığı için."" Buna göre hangi bilgi doğrudur?",Kurs başlangıcı iptal edildi.,Bu seçenek metindeki bilgiyle uyuşmuyor. Mesajda yalnızca başlangıç saatinin 17.00’dan 17.45’a değiştiği söyleniyor.,Kurs başlangıcı 17.45’da başlayacak.,Doğru. Mesajda yalnızca başlangıç saatinin 17.00’dan 17.45’a değiştiği söyleniyor.,Kurs başlangıcı 17.00’da başlayacak.,Bu seçenek metindeki bilgiyle uyuşmuyor. Mesajda yalnızca başlangıç saatinin 17.00’dan 17.45’a değiştiği söyleniyor.,Kurs başlangıcı yarına ertelendi.,Bu seçenek metindeki bilgiyle uyuşmuyor. Mesajda yalnızca başlangıç saatinin 17.00’dan 17.45’a değiştiği söyleniyor.,B
B1LIFE011,B1,medium,reading,Everyday Reasons,cause and effect,"Ayşe işe geç kaldı, çünkü sabah alarmını duymadı. Buna göre bunun temel nedeni nedir?",Otobüsün erken gelmesi.,Bu seçenek metindeki bilgiyle uyuşmuyor. Cümlede neden açıkça 'sabah alarmını duymadı' olarak veriliyor.,Patronuyla konuşması.,Bu seçenek metindeki bilgiyle uyuşmuyor. Cümlede neden açıkça 'sabah alarmını duymadı' olarak veriliyor.,Sabah alarmını duymadı.,Doğru. Cümlede neden açıkça 'sabah alarmını duymadı' olarak veriliyor.,Kahvaltı yapması.,Bu seçenek metindeki bilgiyle uyuşmuyor. Cümlede neden açıkça 'sabah alarmını duymadı' olarak veriliyor.,C
B1LIFE012,B1,medium,reading,Everyday Reasons,cause and effect,"Tolga market alışverişini erteledi, çünkü cüzdanını evde unuttu. Buna göre bunun temel nedeni nedir?",Marketin kalabalık olması.,Bu seçenek metindeki bilgiyle uyuşmuyor. Cümlede neden açıkça 'cüzdanını evde unuttu' olarak veriliyor.,Yağmur başlaması.,Bu seçenek metindeki bilgiyle uyuşmuyor. Cümlede neden açıkça 'cüzdanını evde unuttu' olarak veriliyor.,Arkadaşını görmesi.,Bu seçenek metindeki bilgiyle uyuşmuyor. Cümlede neden açıkça 'cüzdanını evde unuttu' olarak veriliyor.,Cüzdanını evde unuttu.,Doğru. Cümlede neden açıkça 'cüzdanını evde unuttu' olarak veriliyor.,D
B1LIFE013,B1,medium,reading,Everyday Reasons,cause and effect,"Nehir toplantıya çevrim içi katıldı, çünkü çocuğu hastalandığı için evden çıkamadı. Buna göre bunun temel nedeni nedir?",Çocuğu hastalandığı için evden çıkamadı.,Doğru. Cümlede neden açıkça 'çocuğu hastalandığı için evden çıkamadı' olarak veriliyor.,Ofiste internet olmaması.,Bu seçenek metindeki bilgiyle uyuşmuyor. Cümlede neden açıkça 'çocuğu hastalandığı için evden çıkamadı' olarak veriliyor.,Toplantının iptal edilmesi.,Bu seçenek metindeki bilgiyle uyuşmuyor. Cümlede neden açıkça 'çocuğu hastalandığı için evden çıkamadı' olarak veriliyor.,Işini erken bitirmesi.,Bu seçenek metindeki bilgiyle uyuşmuyor. Cümlede neden açıkça 'çocuğu hastalandığı için evden çıkamadı' olarak veriliyor.,A
B1LIFE014,B1,medium,reading,Everyday Reasons,cause and effect,"Onur akşam yürüyüşüne çıkmadı, çünkü şiddetli yağmur başladı. Buna göre bunun temel nedeni nedir?",Ayakkabısını yeni alması.,Bu seçenek metindeki bilgiyle uyuşmuyor. Cümlede neden açıkça 'şiddetli yağmur başladı' olarak veriliyor.,Şiddetli yağmur başladı.,Doğru. Cümlede neden açıkça 'şiddetli yağmur başladı' olarak veriliyor.,Arkadaşının araması.,Bu seçenek metindeki bilgiyle uyuşmuyor. Cümlede neden açıkça 'şiddetli yağmur başladı' olarak veriliyor.,Parkın kalabalık olması.,Bu seçenek metindeki bilgiyle uyuşmuyor. Cümlede neden açıkça 'şiddetli yağmur başladı' olarak veriliyor.,B
B1LIFE015,B1,medium,reading,Everyday Reasons,cause and effect,"Pelin siparişi iade etti, çünkü ürünün bedeni küçük geldi. Buna göre bunun temel nedeni nedir?",Ürünü çok beğenmesi.,Bu seçenek metindeki bilgiyle uyuşmuyor. Cümlede neden açıkça 'ürünün bedeni küçük geldi' olarak veriliyor.,Kargonun erken gelmesi.,Bu seçenek metindeki bilgiyle uyuşmuyor. Cümlede neden açıkça 'ürünün bedeni küçük geldi' olarak veriliyor.,Ürünün bedeni küçük geldi.,Doğru. Cümlede neden açıkça 'ürünün bedeni küçük geldi' olarak veriliyor.,Mağazanın yakın olması.,Bu seçenek metindeki bilgiyle uyuşmuyor. Cümlede neden açıkça 'ürünün bedeni küçük geldi' olarak veriliyor.,C
B1LIFE016,B1,medium,reading,Everyday Reasons,cause and effect,"Hakan arabayı kullanmadı, çünkü lastiklerden biri patladı. Buna göre bunun temel nedeni nedir?",Benzinin ucuzlaması.,Bu seçenek metindeki bilgiyle uyuşmuyor. Cümlede neden açıkça 'lastiklerden biri patladı' olarak veriliyor.,Hava güneşli olması.,Bu seçenek metindeki bilgiyle uyuşmuyor. Cümlede neden açıkça 'lastiklerden biri patladı' olarak veriliyor.,Otobüsün boş olması.,Bu seçenek metindeki bilgiyle uyuşmuyor. Cümlede neden açıkça 'lastiklerden biri patladı' olarak veriliyor.,Lastiklerden biri patladı.,Doğru. Cümlede neden açıkça 'lastiklerden biri patladı' olarak veriliyor.,D
B1LIFE017,B1,medium,reading,Everyday Reasons,cause and effect,"Ceren öğle yemeğini dışarıda yemedi, çünkü yanında evden yemek getirmişti. Buna göre bunun temel nedeni nedir?",Yanında evden yemek getirmişti.,Doğru. Cümlede neden açıkça 'yanında evden yemek getirmişti' olarak veriliyor.,Restoranın yeni açılması.,Bu seçenek metindeki bilgiyle uyuşmuyor. Cümlede neden açıkça 'yanında evden yemek getirmişti' olarak veriliyor.,Arkadaşları dışarı çıkması.,Bu seçenek metindeki bilgiyle uyuşmuyor. Cümlede neden açıkça 'yanında evden yemek getirmişti' olarak veriliyor.,Menünün değişmesi.,Bu seçenek metindeki bilgiyle uyuşmuyor. Cümlede neden açıkça 'yanında evden yemek getirmişti' olarak veriliyor.,A
B1LIFE018,B1,medium,reading,Everyday Reasons,cause and effect,"Barış telefonunu sessize aldı, çünkü sunum yapmaya hazırlanıyordu. Buna göre bunun temel nedeni nedir?",Bataryası tamamen doluydu.,Bu seçenek metindeki bilgiyle uyuşmuyor. Cümlede neden açıkça 'sunum yapmaya hazırlanıyordu' olarak veriliyor.,Sunum yapmaya hazırlanıyordu.,Doğru. Cümlede neden açıkça 'sunum yapmaya hazırlanıyordu' olarak veriliyor.,Yeni bir mesaj bekliyordu.,Bu seçenek metindeki bilgiyle uyuşmuyor. Cümlede neden açıkça 'sunum yapmaya hazırlanıyordu' olarak veriliyor.,Müzik dinlemek istiyordu.,Bu seçenek metindeki bilgiyle uyuşmuyor. Cümlede neden açıkça 'sunum yapmaya hazırlanıyordu' olarak veriliyor.,B
B1LIFE019,B1,medium,reading,Everyday Reasons,cause and effect,"Elif kitabı kütüphaneye götürdü, çünkü ödünç süresi o gün bitiyordu. Buna göre bunun temel nedeni nedir?",Kitabı yeni satın aldı.,Bu seçenek metindeki bilgiyle uyuşmuyor. Cümlede neden açıkça 'ödünç süresi o gün bitiyordu' olarak veriliyor.,Arkadaşı kitabı istemedi.,Bu seçenek metindeki bilgiyle uyuşmuyor. Cümlede neden açıkça 'ödünç süresi o gün bitiyordu' olarak veriliyor.,Ödünç süresi o gün bitiyordu.,Doğru. Cümlede neden açıkça 'ödünç süresi o gün bitiyordu' olarak veriliyor.,Kütüphane kapalıydı.,Bu seçenek metindeki bilgiyle uyuşmuyor. Cümlede neden açıkça 'ödünç süresi o gün bitiyordu' olarak veriliyor.,C
B1LIFE020,B1,medium,reading,Everyday Reasons,cause and effect,"Sarp erken uyudu, çünkü ertesi sabah uzun bir yolculuğa çıkacaktı. Buna göre bunun temel nedeni nedir?",Gece film izlemek istiyordu.,Bu seçenek metindeki bilgiyle uyuşmuyor. Cümlede neden açıkça 'ertesi sabah uzun bir yolculuğa çıkacaktı' olarak veriliyor.,Misafir gelecekti.,Bu seçenek metindeki bilgiyle uyuşmuyor. Cümlede neden açıkça 'ertesi sabah uzun bir yolculuğa çıkacaktı' olarak veriliyor.,Kahve içmişti.,Bu seçenek metindeki bilgiyle uyuşmuyor. Cümlede neden açıkça 'ertesi sabah uzun bir yolculuğa çıkacaktı' olarak veriliyor.,Ertesi sabah uzun bir yolculuğa çıkacaktı.,Doğru. Cümlede neden açıkça 'ertesi sabah uzun bir yolculuğa çıkacaktı' olarak veriliyor.,D
B1LIFE021,B1,medium,reading,Transport,delay comprehension,"Deniz, 08.20’de gelmesi beklenen metro ile yolculuk yapacaktı. Ancak istasyonda teknik bir kontrol yapıldı ve araç 08.35’de geldi. Ne oldu?",Metro gecikti.,"Doğru. Araç beklenen saatten sonra, 08.35’de geldiği için gecikme yaşandı.",Deniz yolculuğu iptal etti.,"Bu seçenek metindeki bilgiyle uyuşmuyor. Araç beklenen saatten sonra, 08.35’de geldiği için gecikme yaşandı.",Metro erken geldi.,"Bu seçenek metindeki bilgiyle uyuşmuyor. Araç beklenen saatten sonra, 08.35’de geldiği için gecikme yaşandı.",Deniz farklı bir şehre gitti.,"Bu seçenek metindeki bilgiyle uyuşmuyor. Araç beklenen saatten sonra, 08.35’de geldiği için gecikme yaşandı.",A
B1LIFE022,B1,medium,reading,Transport,delay comprehension,"Gizem, 17.10’de gelmesi beklenen otobüs ile yolculuk yapacaktı. Ancak şehir merkezinde yoğun trafik vardı ve araç 17.30’de geldi. Ne oldu?",Gizem yolculuğu iptal etti.,"Bu seçenek metindeki bilgiyle uyuşmuyor. Araç beklenen saatten sonra, 17.30’de geldiği için gecikme yaşandı.",Otobüs gecikti.,"Doğru. Araç beklenen saatten sonra, 17.30’de geldiği için gecikme yaşandı.",Otobüs erken geldi.,"Bu seçenek metindeki bilgiyle uyuşmuyor. Araç beklenen saatten sonra, 17.30’de geldiği için gecikme yaşandı.",Gizem farklı bir şehre gitti.,"Bu seçenek metindeki bilgiyle uyuşmuyor. Araç beklenen saatten sonra, 17.30’de geldiği için gecikme yaşandı.",B
B1LIFE023,B1,medium,reading,Transport,delay comprehension,"Arda, 12.45’de gelmesi beklenen tren ile yolculuk yapacaktı. Ancak önceki tren perondan geç ayrıldı ve araç 13.00’de geldi. Ne oldu?",Arda yolculuğu iptal etti.,"Bu seçenek metindeki bilgiyle uyuşmuyor. Araç beklenen saatten sonra, 13.00’de geldiği için gecikme yaşandı.",Tren erken geldi.,"Bu seçenek metindeki bilgiyle uyuşmuyor. Araç beklenen saatten sonra, 13.00’de geldiği için gecikme yaşandı.",Tren gecikti.,"Doğru. Araç beklenen saatten sonra, 13.00’de geldiği için gecikme yaşandı.",Arda farklı bir şehre gitti.,"Bu seçenek metindeki bilgiyle uyuşmuyor. Araç beklenen saatten sonra, 13.00’de geldiği için gecikme yaşandı.",C
B1LIFE024,B1,medium,reading,Transport,delay comprehension,"İrem, 09.00’de gelmesi beklenen servis ile yolculuk yapacaktı. Ancak bir yolcuyu beklemek zorunda kaldı ve araç 09.20’de geldi. Ne oldu?",İrem yolculuğu iptal etti.,"Bu seçenek metindeki bilgiyle uyuşmuyor. Araç beklenen saatten sonra, 09.20’de geldiği için gecikme yaşandı.",Servis erken geldi.,"Bu seçenek metindeki bilgiyle uyuşmuyor. Araç beklenen saatten sonra, 09.20’de geldiği için gecikme yaşandı.",İrem farklı bir şehre gitti.,"Bu seçenek metindeki bilgiyle uyuşmuyor. Araç beklenen saatten sonra, 09.20’de geldiği için gecikme yaşandı.",Servis gecikti.,"Doğru. Araç beklenen saatten sonra, 09.20’de geldiği için gecikme yaşandı.",D
B1LIFE025,B1,medium,reading,Transport,delay comprehension,"Kaan, 18.30’de gelmesi beklenen vapur ile yolculuk yapacaktı. Ancak hava koşulları seferi yavaşlattı ve araç 18.50’de geldi. Ne oldu?",Vapur gecikti.,"Doğru. Araç beklenen saatten sonra, 18.50’de geldiği için gecikme yaşandı.",Kaan yolculuğu iptal etti.,"Bu seçenek metindeki bilgiyle uyuşmuyor. Araç beklenen saatten sonra, 18.50’de geldiği için gecikme yaşandı.",Vapur erken geldi.,"Bu seçenek metindeki bilgiyle uyuşmuyor. Araç beklenen saatten sonra, 18.50’de geldiği için gecikme yaşandı.",Kaan farklı bir şehre gitti.,"Bu seçenek metindeki bilgiyle uyuşmuyor. Araç beklenen saatten sonra, 18.50’de geldiği için gecikme yaşandı.",A
B1LIFE026,B1,medium,reading,Transport,delay comprehension,"Melis, 07.40’de gelmesi beklenen otobüs ile yolculuk yapacaktı. Ancak güzergâhta yol çalışması vardı ve araç 08.00’de geldi. Ne oldu?",Melis yolculuğu iptal etti.,"Bu seçenek metindeki bilgiyle uyuşmuyor. Araç beklenen saatten sonra, 08.00’de geldiği için gecikme yaşandı.",Otobüs gecikti.,"Doğru. Araç beklenen saatten sonra, 08.00’de geldiği için gecikme yaşandı.",Otobüs erken geldi.,"Bu seçenek metindeki bilgiyle uyuşmuyor. Araç beklenen saatten sonra, 08.00’de geldiği için gecikme yaşandı.",Melis farklı bir şehre gitti.,"Bu seçenek metindeki bilgiyle uyuşmuyor. Araç beklenen saatten sonra, 08.00’de geldiği için gecikme yaşandı.",B
B1LIFE027,B1,medium,reading,Transport,delay comprehension,"Umut, 15.15’de gelmesi beklenen metro ile yolculuk yapacaktı. Ancak kapılardan birinde kısa süreli arıza oldu ve araç 15.25’de geldi. Ne oldu?",Umut yolculuğu iptal etti.,"Bu seçenek metindeki bilgiyle uyuşmuyor. Araç beklenen saatten sonra, 15.25’de geldiği için gecikme yaşandı.",Metro erken geldi.,"Bu seçenek metindeki bilgiyle uyuşmuyor. Araç beklenen saatten sonra, 15.25’de geldiği için gecikme yaşandı.",Metro gecikti.,"Doğru. Araç beklenen saatten sonra, 15.25’de geldiği için gecikme yaşandı.",Umut farklı bir şehre gitti.,"Bu seçenek metindeki bilgiyle uyuşmuyor. Araç beklenen saatten sonra, 15.25’de geldiği için gecikme yaşandı.",C
B1LIFE028,B1,medium,reading,Transport,delay comprehension,"Buse, 10.30’de gelmesi beklenen tren ile yolculuk yapacaktı. Ancak istasyonda sinyal kontrolü yapıldı ve araç 10.50’de geldi. Ne oldu?",Buse yolculuğu iptal etti.,"Bu seçenek metindeki bilgiyle uyuşmuyor. Araç beklenen saatten sonra, 10.50’de geldiği için gecikme yaşandı.",Tren erken geldi.,"Bu seçenek metindeki bilgiyle uyuşmuyor. Araç beklenen saatten sonra, 10.50’de geldiği için gecikme yaşandı.",Buse farklı bir şehre gitti.,"Bu seçenek metindeki bilgiyle uyuşmuyor. Araç beklenen saatten sonra, 10.50’de geldiği için gecikme yaşandı.",Tren gecikti.,"Doğru. Araç beklenen saatten sonra, 10.50’de geldiği için gecikme yaşandı.",D
B1LIFE029,B1,medium,reading,Transport,delay comprehension,"Eren, 16.00’de gelmesi beklenen servis ile yolculuk yapacaktı. Ancak şoför alternatif bir yol kullandı ve araç 16.15’de geldi. Ne oldu?",Servis gecikti.,"Doğru. Araç beklenen saatten sonra, 16.15’de geldiği için gecikme yaşandı.",Eren yolculuğu iptal etti.,"Bu seçenek metindeki bilgiyle uyuşmuyor. Araç beklenen saatten sonra, 16.15’de geldiği için gecikme yaşandı.",Servis erken geldi.,"Bu seçenek metindeki bilgiyle uyuşmuyor. Araç beklenen saatten sonra, 16.15’de geldiği için gecikme yaşandı.",Eren farklı bir şehre gitti.,"Bu seçenek metindeki bilgiyle uyuşmuyor. Araç beklenen saatten sonra, 16.15’de geldiği için gecikme yaşandı.",A
B1LIFE030,B1,medium,reading,Transport,delay comprehension,"Naz, 20.10’de gelmesi beklenen vapur ile yolculuk yapacaktı. Ancak limanda kısa süre bekleme oldu ve araç 20.25’de geldi. Ne oldu?",Naz yolculuğu iptal etti.,"Bu seçenek metindeki bilgiyle uyuşmuyor. Araç beklenen saatten sonra, 20.25’de geldiği için gecikme yaşandı.",Vapur gecikti.,"Doğru. Araç beklenen saatten sonra, 20.25’de geldiği için gecikme yaşandı.",Vapur erken geldi.,"Bu seçenek metindeki bilgiyle uyuşmuyor. Araç beklenen saatten sonra, 20.25’de geldiği için gecikme yaşandı.",Naz farklı bir şehre gitti.,"Bu seçenek metindeki bilgiyle uyuşmuyor. Araç beklenen saatten sonra, 20.25’de geldiği için gecikme yaşandı.",B
B1LIFE031,B1,medium,reading,Appointments & Services,following instructions,Diş hekimi tarafından gönderilen mesajda kişinin randevudan 10 dakika önce gelmesi ve kimliğini yanında getirmesi istendi. Buna göre kişi ne yapmalıdır?,Hiçbir belge getirmeden istediği saatte gitmelidir.,Bu seçenek metindeki bilgiyle uyuşmuyor. Mesaj iki hazırlık istiyor: randevudan 10 dakika önce gelmesi ve kimliğini yanında getirmesi.,Randevusunu mutlaka başka bir güne almalıdır.,Bu seçenek metindeki bilgiyle uyuşmuyor. Mesaj iki hazırlık istiyor: randevudan 10 dakika önce gelmesi ve kimliğini yanında getirmesi.,Randevudan 10 dakika önce gelmesi ve kimliğini yanında getirmesi.,Doğru. Mesaj iki hazırlık istiyor: randevudan 10 dakika önce gelmesi ve kimliğini yanında getirmesi.,Sadece telefonla bilgi vermesi yeterlidir.,Bu seçenek metindeki bilgiyle uyuşmuyor. Mesaj iki hazırlık istiyor: randevudan 10 dakika önce gelmesi ve kimliğini yanında getirmesi.,C
B1LIFE032,B1,medium,reading,Appointments & Services,following instructions,Fizyoterapist tarafından gönderilen mesajda kişinin rahat kıyafet giymesi ve önceki raporlarını getirmesi istendi. Buna göre kişi ne yapmalıdır?,Hiçbir belge getirmeden istediği saatte gitmelidir.,Bu seçenek metindeki bilgiyle uyuşmuyor. Mesaj iki hazırlık istiyor: rahat kıyafet giymesi ve önceki raporlarını getirmesi.,Randevusunu mutlaka başka bir güne almalıdır.,Bu seçenek metindeki bilgiyle uyuşmuyor. Mesaj iki hazırlık istiyor: rahat kıyafet giymesi ve önceki raporlarını getirmesi.,Sadece telefonla bilgi vermesi yeterlidir.,Bu seçenek metindeki bilgiyle uyuşmuyor. Mesaj iki hazırlık istiyor: rahat kıyafet giymesi ve önceki raporlarını getirmesi.,Rahat kıyafet giymesi ve önceki raporlarını getirmesi.,Doğru. Mesaj iki hazırlık istiyor: rahat kıyafet giymesi ve önceki raporlarını getirmesi.,D
B1LIFE033,B1,medium,reading,Appointments & Services,following instructions,Göz doktoru tarafından gönderilen mesajda kişinin lenslerini muayeneden önce çıkarması ve kullandığı gözlüğü getirmesi istendi. Buna göre kişi ne yapmalıdır?,Lenslerini muayeneden önce çıkarması ve kullandığı gözlüğü getirmesi.,Doğru. Mesaj iki hazırlık istiyor: lenslerini muayeneden önce çıkarması ve kullandığı gözlüğü getirmesi.,Hiçbir belge getirmeden istediği saatte gitmelidir.,Bu seçenek metindeki bilgiyle uyuşmuyor. Mesaj iki hazırlık istiyor: lenslerini muayeneden önce çıkarması ve kullandığı gözlüğü getirmesi.,Randevusunu mutlaka başka bir güne almalıdır.,Bu seçenek metindeki bilgiyle uyuşmuyor. Mesaj iki hazırlık istiyor: lenslerini muayeneden önce çıkarması ve kullandığı gözlüğü getirmesi.,Sadece telefonla bilgi vermesi yeterlidir.,Bu seçenek metindeki bilgiyle uyuşmuyor. Mesaj iki hazırlık istiyor: lenslerini muayeneden önce çıkarması ve kullandığı gözlüğü getirmesi.,A
B1LIFE034,B1,medium,reading,Appointments & Services,following instructions,Belediye ofisi tarafından gönderilen mesajda kişinin randevu saatinde hazır bulunması ve başvuru belgesini getirmesi istendi. Buna göre kişi ne yapmalıdır?,Hiçbir belge getirmeden istediği saatte gitmelidir.,Bu seçenek metindeki bilgiyle uyuşmuyor. Mesaj iki hazırlık istiyor: randevu saatinde hazır bulunması ve başvuru belgesini getirmesi.,Randevu saatinde hazır bulunması ve başvuru belgesini getirmesi.,Doğru. Mesaj iki hazırlık istiyor: randevu saatinde hazır bulunması ve başvuru belgesini getirmesi.,Randevusunu mutlaka başka bir güne almalıdır.,Bu seçenek metindeki bilgiyle uyuşmuyor. Mesaj iki hazırlık istiyor: randevu saatinde hazır bulunması ve başvuru belgesini getirmesi.,Sadece telefonla bilgi vermesi yeterlidir.,Bu seçenek metindeki bilgiyle uyuşmuyor. Mesaj iki hazırlık istiyor: randevu saatinde hazır bulunması ve başvuru belgesini getirmesi.,B
B1LIFE035,B1,medium,reading,Appointments & Services,following instructions,Banka danışmanı tarafından gönderilen mesajda kişinin görüşmeden önce formu doldurması ve kimlik belgesini getirmesi istendi. Buna göre kişi ne yapmalıdır?,Hiçbir belge getirmeden istediği saatte gitmelidir.,Bu seçenek metindeki bilgiyle uyuşmuyor. Mesaj iki hazırlık istiyor: görüşmeden önce formu doldurması ve kimlik belgesini getirmesi.,Randevusunu mutlaka başka bir güne almalıdır.,Bu seçenek metindeki bilgiyle uyuşmuyor. Mesaj iki hazırlık istiyor: görüşmeden önce formu doldurması ve kimlik belgesini getirmesi.,Görüşmeden önce formu doldurması ve kimlik belgesini getirmesi.,Doğru. Mesaj iki hazırlık istiyor: görüşmeden önce formu doldurması ve kimlik belgesini getirmesi.,Sadece telefonla bilgi vermesi yeterlidir.,Bu seçenek metindeki bilgiyle uyuşmuyor. Mesaj iki hazırlık istiyor: görüşmeden önce formu doldurması ve kimlik belgesini getirmesi.,C
B1LIFE036,B1,medium,reading,Appointments & Services,following instructions,Dil kursu tarafından gönderilen mesajda kişinin seviye sınavından 15 dakika önce gelmesi ve kalem getirmesi istendi. Buna göre kişi ne yapmalıdır?,Hiçbir belge getirmeden istediği saatte gitmelidir.,Bu seçenek metindeki bilgiyle uyuşmuyor. Mesaj iki hazırlık istiyor: seviye sınavından 15 dakika önce gelmesi ve kalem getirmesi.,Randevusunu mutlaka başka bir güne almalıdır.,Bu seçenek metindeki bilgiyle uyuşmuyor. Mesaj iki hazırlık istiyor: seviye sınavından 15 dakika önce gelmesi ve kalem getirmesi.,Sadece telefonla bilgi vermesi yeterlidir.,Bu seçenek metindeki bilgiyle uyuşmuyor. Mesaj iki hazırlık istiyor: seviye sınavından 15 dakika önce gelmesi ve kalem getirmesi.,Seviye sınavından 15 dakika önce gelmesi ve kalem getirmesi.,Doğru. Mesaj iki hazırlık istiyor: seviye sınavından 15 dakika önce gelmesi ve kalem getirmesi.,D
B1LIFE037,B1,medium,reading,Appointments & Services,following instructions,Iş görüşmesi tarafından gönderilen mesajda kişinin 10 dakika erken gelmesi ve özgeçmişinin bir kopyasını getirmesi istendi. Buna göre kişi ne yapmalıdır?,10 dakika erken gelmesi ve özgeçmişinin bir kopyasını getirmesi.,Doğru. Mesaj iki hazırlık istiyor: 10 dakika erken gelmesi ve özgeçmişinin bir kopyasını getirmesi.,Hiçbir belge getirmeden istediği saatte gitmelidir.,Bu seçenek metindeki bilgiyle uyuşmuyor. Mesaj iki hazırlık istiyor: 10 dakika erken gelmesi ve özgeçmişinin bir kopyasını getirmesi.,Randevusunu mutlaka başka bir güne almalıdır.,Bu seçenek metindeki bilgiyle uyuşmuyor. Mesaj iki hazırlık istiyor: 10 dakika erken gelmesi ve özgeçmişinin bir kopyasını getirmesi.,Sadece telefonla bilgi vermesi yeterlidir.,Bu seçenek metindeki bilgiyle uyuşmuyor. Mesaj iki hazırlık istiyor: 10 dakika erken gelmesi ve özgeçmişinin bir kopyasını getirmesi.,A
B1LIFE038,B1,medium,reading,Appointments & Services,following instructions,Teknik servis tarafından gönderilen mesajda kişinin cihazın şarj aletini getirmesi ve garanti belgesini yanında bulundurması istendi. Buna göre kişi ne yapmalıdır?,Hiçbir belge getirmeden istediği saatte gitmelidir.,Bu seçenek metindeki bilgiyle uyuşmuyor. Mesaj iki hazırlık istiyor: cihazın şarj aletini getirmesi ve garanti belgesini yanında bulundurması.,Cihazın şarj aletini getirmesi ve garanti belgesini yanında bulundurması.,Doğru. Mesaj iki hazırlık istiyor: cihazın şarj aletini getirmesi ve garanti belgesini yanında bulundurması.,Randevusunu mutlaka başka bir güne almalıdır.,Bu seçenek metindeki bilgiyle uyuşmuyor. Mesaj iki hazırlık istiyor: cihazın şarj aletini getirmesi ve garanti belgesini yanında bulundurması.,Sadece telefonla bilgi vermesi yeterlidir.,Bu seçenek metindeki bilgiyle uyuşmuyor. Mesaj iki hazırlık istiyor: cihazın şarj aletini getirmesi ve garanti belgesini yanında bulundurması.,B
B1LIFE039,B1,medium,reading,Appointments & Services,following instructions,Spor salonu tarafından gönderilen mesajda kişinin ilk dersten önce kayıt masasından kartını alması ve spor ayakkabısı getirmesi istendi. Buna göre kişi ne yapmalıdır?,Hiçbir belge getirmeden istediği saatte gitmelidir.,Bu seçenek metindeki bilgiyle uyuşmuyor. Mesaj iki hazırlık istiyor: ilk dersten önce kayıt masasından kartını alması ve spor ayakkabısı getirmesi.,Randevusunu mutlaka başka bir güne almalıdır.,Bu seçenek metindeki bilgiyle uyuşmuyor. Mesaj iki hazırlık istiyor: ilk dersten önce kayıt masasından kartını alması ve spor ayakkabısı getirmesi.,Ilk dersten önce kayıt masasından kartını alması ve spor ayakkabısı getirmesi.,Doğru. Mesaj iki hazırlık istiyor: ilk dersten önce kayıt masasından kartını alması ve spor ayakkabısı getirmesi.,Sadece telefonla bilgi vermesi yeterlidir.,Bu seçenek metindeki bilgiyle uyuşmuyor. Mesaj iki hazırlık istiyor: ilk dersten önce kayıt masasından kartını alması ve spor ayakkabısı getirmesi.,C
B1LIFE040,B1,medium,reading,Appointments & Services,following instructions,Kütüphane tarafından gönderilen mesajda kişinin üyelik işlemi için fotoğraflı kimlik getirmesi ve formu girişte doldurması istendi. Buna göre kişi ne yapmalıdır?,Hiçbir belge getirmeden istediği saatte gitmelidir.,Bu seçenek metindeki bilgiyle uyuşmuyor. Mesaj iki hazırlık istiyor: üyelik işlemi için fotoğraflı kimlik getirmesi ve formu girişte doldurması.,Randevusunu mutlaka başka bir güne almalıdır.,Bu seçenek metindeki bilgiyle uyuşmuyor. Mesaj iki hazırlık istiyor: üyelik işlemi için fotoğraflı kimlik getirmesi ve formu girişte doldurması.,Sadece telefonla bilgi vermesi yeterlidir.,Bu seçenek metindeki bilgiyle uyuşmuyor. Mesaj iki hazırlık istiyor: üyelik işlemi için fotoğraflı kimlik getirmesi ve formu girişte doldurması.,Üyelik işlemi için fotoğraflı kimlik getirmesi ve formu girişte doldurması.,Doğru. Mesaj iki hazırlık istiyor: üyelik işlemi için fotoğraflı kimlik getirmesi ve formu girişte doldurması.,D
B1LIFE041,B1,medium,reading,Shopping & Returns,return/exchange,Bir müşteri aldığı ceket için mağazaya başvurdu. Ceket bedeni büyük geldi ve etiketi hâlâ üzerindeydi. Müşterinin başvurusunun temel nedeni nedir?,Ürünle ilgili bir sorun yaşaması.,Doğru. Müşteri bedeni büyük geldi; bu nedenle iade ya da değişim için başvuruyor.,Ürünü arkadaşına hediye etmek istemesi.,Bu seçenek metindeki bilgiyle uyuşmuyor. Müşteri bedeni büyük geldi; bu nedenle iade ya da değişim için başvuruyor.,Mağazanın yerini öğrenmek istemesi.,Bu seçenek metindeki bilgiyle uyuşmuyor. Müşteri bedeni büyük geldi; bu nedenle iade ya da değişim için başvuruyor.,Aynı üründen iki tane almak istemesi.,Bu seçenek metindeki bilgiyle uyuşmuyor. Müşteri bedeni büyük geldi; bu nedenle iade ya da değişim için başvuruyor.,A
B1LIFE042,B1,medium,reading,Shopping & Returns,return/exchange,Bir müşteri aldığı kulaklık için mağazaya başvurdu. Kulaklık sağ tarafı çalışmıyordu ve fişi ve kutusu duruyordu. Müşterinin başvurusunun temel nedeni nedir?,Ürünü arkadaşına hediye etmek istemesi.,Bu seçenek metindeki bilgiyle uyuşmuyor. Müşteri sağ tarafı çalışmıyordu; bu nedenle iade ya da değişim için başvuruyor.,Ürünle ilgili bir sorun yaşaması.,Doğru. Müşteri sağ tarafı çalışmıyordu; bu nedenle iade ya da değişim için başvuruyor.,Mağazanın yerini öğrenmek istemesi.,Bu seçenek metindeki bilgiyle uyuşmuyor. Müşteri sağ tarafı çalışmıyordu; bu nedenle iade ya da değişim için başvuruyor.,Aynı üründen iki tane almak istemesi.,Bu seçenek metindeki bilgiyle uyuşmuyor. Müşteri sağ tarafı çalışmıyordu; bu nedenle iade ya da değişim için başvuruyor.,B
B1LIFE043,B1,medium,reading,Shopping & Returns,return/exchange,Bir müşteri aldığı ayakkabı için mağazaya başvurdu. Ayakkabı tabanı kısa sürede açıldı ve satın alma fişi vardı. Müşterinin başvurusunun temel nedeni nedir?,Ürünü arkadaşına hediye etmek istemesi.,Bu seçenek metindeki bilgiyle uyuşmuyor. Müşteri tabanı kısa sürede açıldı; bu nedenle iade ya da değişim için başvuruyor.,Mağazanın yerini öğrenmek istemesi.,Bu seçenek metindeki bilgiyle uyuşmuyor. Müşteri tabanı kısa sürede açıldı; bu nedenle iade ya da değişim için başvuruyor.,Ürünle ilgili bir sorun yaşaması.,Doğru. Müşteri tabanı kısa sürede açıldı; bu nedenle iade ya da değişim için başvuruyor.,Aynı üründen iki tane almak istemesi.,Bu seçenek metindeki bilgiyle uyuşmuyor. Müşteri tabanı kısa sürede açıldı; bu nedenle iade ya da değişim için başvuruyor.,C
B1LIFE044,B1,medium,reading,Shopping & Returns,return/exchange,Bir müşteri aldığı blender için mağazaya başvurdu. Blender motoru çalışırken çok fazla ses çıkarıyordu ve garanti süresi devam ediyordu. Müşterinin başvurusunun temel nedeni nedir?,Ürünü arkadaşına hediye etmek istemesi.,Bu seçenek metindeki bilgiyle uyuşmuyor. Müşteri motoru çalışırken çok fazla ses çıkarıyordu; bu nedenle iade ya da değişim için başvuruyor.,Mağazanın yerini öğrenmek istemesi.,Bu seçenek metindeki bilgiyle uyuşmuyor. Müşteri motoru çalışırken çok fazla ses çıkarıyordu; bu nedenle iade ya da değişim için başvuruyor.,Aynı üründen iki tane almak istemesi.,Bu seçenek metindeki bilgiyle uyuşmuyor. Müşteri motoru çalışırken çok fazla ses çıkarıyordu; bu nedenle iade ya da değişim için başvuruyor.,Ürünle ilgili bir sorun yaşaması.,Doğru. Müşteri motoru çalışırken çok fazla ses çıkarıyordu; bu nedenle iade ya da değişim için başvuruyor.,D
B1LIFE045,B1,medium,reading,Shopping & Returns,return/exchange,Bir müşteri aldığı gömlek için mağazaya başvurdu. Gömlek rengi internettekinden farklı görünüyordu ve ürün kullanılmamıştı. Müşterinin başvurusunun temel nedeni nedir?,Ürünle ilgili bir sorun yaşaması.,Doğru. Müşteri rengi internettekinden farklı görünüyordu; bu nedenle iade ya da değişim için başvuruyor.,Ürünü arkadaşına hediye etmek istemesi.,Bu seçenek metindeki bilgiyle uyuşmuyor. Müşteri rengi internettekinden farklı görünüyordu; bu nedenle iade ya da değişim için başvuruyor.,Mağazanın yerini öğrenmek istemesi.,Bu seçenek metindeki bilgiyle uyuşmuyor. Müşteri rengi internettekinden farklı görünüyordu; bu nedenle iade ya da değişim için başvuruyor.,Aynı üründen iki tane almak istemesi.,Bu seçenek metindeki bilgiyle uyuşmuyor. Müşteri rengi internettekinden farklı görünüyordu; bu nedenle iade ya da değişim için başvuruyor.,A
B1LIFE046,B1,medium,reading,Shopping & Returns,return/exchange,Bir müşteri aldığı çanta için mağazaya başvurdu. Çanta fermuarı ilk gün bozuldu ve sipariş numarası elindeydi. Müşterinin başvurusunun temel nedeni nedir?,Ürünü arkadaşına hediye etmek istemesi.,Bu seçenek metindeki bilgiyle uyuşmuyor. Müşteri fermuarı ilk gün bozuldu; bu nedenle iade ya da değişim için başvuruyor.,Ürünle ilgili bir sorun yaşaması.,Doğru. Müşteri fermuarı ilk gün bozuldu; bu nedenle iade ya da değişim için başvuruyor.,Mağazanın yerini öğrenmek istemesi.,Bu seçenek metindeki bilgiyle uyuşmuyor. Müşteri fermuarı ilk gün bozuldu; bu nedenle iade ya da değişim için başvuruyor.,Aynı üründen iki tane almak istemesi.,Bu seçenek metindeki bilgiyle uyuşmuyor. Müşteri fermuarı ilk gün bozuldu; bu nedenle iade ya da değişim için başvuruyor.,B
B1LIFE047,B1,medium,reading,Shopping & Returns,return/exchange,Bir müşteri aldığı masa lambası için mağazaya başvurdu. Masa lambası ışığı sürekli titriyordu ve ambalajı saklanmıştı. Müşterinin başvurusunun temel nedeni nedir?,Ürünü arkadaşına hediye etmek istemesi.,Bu seçenek metindeki bilgiyle uyuşmuyor. Müşteri ışığı sürekli titriyordu; bu nedenle iade ya da değişim için başvuruyor.,Mağazanın yerini öğrenmek istemesi.,Bu seçenek metindeki bilgiyle uyuşmuyor. Müşteri ışığı sürekli titriyordu; bu nedenle iade ya da değişim için başvuruyor.,Ürünle ilgili bir sorun yaşaması.,Doğru. Müşteri ışığı sürekli titriyordu; bu nedenle iade ya da değişim için başvuruyor.,Aynı üründen iki tane almak istemesi.,Bu seçenek metindeki bilgiyle uyuşmuyor. Müşteri ışığı sürekli titriyordu; bu nedenle iade ya da değişim için başvuruyor.,C
B1LIFE048,B1,medium,reading,Shopping & Returns,return/exchange,Bir müşteri aldığı pantolon için mağazaya başvurdu. Pantolon bel kısmı dar geldi ve etiketi kesilmemişti. Müşterinin başvurusunun temel nedeni nedir?,Ürünü arkadaşına hediye etmek istemesi.,Bu seçenek metindeki bilgiyle uyuşmuyor. Müşteri bel kısmı dar geldi; bu nedenle iade ya da değişim için başvuruyor.,Mağazanın yerini öğrenmek istemesi.,Bu seçenek metindeki bilgiyle uyuşmuyor. Müşteri bel kısmı dar geldi; bu nedenle iade ya da değişim için başvuruyor.,Aynı üründen iki tane almak istemesi.,Bu seçenek metindeki bilgiyle uyuşmuyor. Müşteri bel kısmı dar geldi; bu nedenle iade ya da değişim için başvuruyor.,Ürünle ilgili bir sorun yaşaması.,Doğru. Müşteri bel kısmı dar geldi; bu nedenle iade ya da değişim için başvuruyor.,D
B1LIFE049,B1,medium,reading,Shopping & Returns,return/exchange,Bir müşteri aldığı şarj kablosu için mağazaya başvurdu. Şarj kablosu telefonu şarj etmiyordu ve faturası vardı. Müşterinin başvurusunun temel nedeni nedir?,Ürünle ilgili bir sorun yaşaması.,Doğru. Müşteri telefonu şarj etmiyordu; bu nedenle iade ya da değişim için başvuruyor.,Ürünü arkadaşına hediye etmek istemesi.,Bu seçenek metindeki bilgiyle uyuşmuyor. Müşteri telefonu şarj etmiyordu; bu nedenle iade ya da değişim için başvuruyor.,Mağazanın yerini öğrenmek istemesi.,Bu seçenek metindeki bilgiyle uyuşmuyor. Müşteri telefonu şarj etmiyordu; bu nedenle iade ya da değişim için başvuruyor.,Aynı üründen iki tane almak istemesi.,Bu seçenek metindeki bilgiyle uyuşmuyor. Müşteri telefonu şarj etmiyordu; bu nedenle iade ya da değişim için başvuruyor.,A
B1LIFE050,B1,medium,reading,Shopping & Returns,return/exchange,Bir müşteri aldığı kahve makinesi için mağazaya başvurdu. Kahve makinesi su sızdırıyordu ve garanti belgesi mevcuttu. Müşterinin başvurusunun temel nedeni nedir?,Ürünü arkadaşına hediye etmek istemesi.,Bu seçenek metindeki bilgiyle uyuşmuyor. Müşteri su sızdırıyordu; bu nedenle iade ya da değişim için başvuruyor.,Ürünle ilgili bir sorun yaşaması.,Doğru. Müşteri su sızdırıyordu; bu nedenle iade ya da değişim için başvuruyor.,Mağazanın yerini öğrenmek istemesi.,Bu seçenek metindeki bilgiyle uyuşmuyor. Müşteri su sızdırıyordu; bu nedenle iade ya da değişim için başvuruyor.,Aynı üründen iki tane almak istemesi.,Bu seçenek metindeki bilgiyle uyuşmuyor. Müşteri su sızdırıyordu; bu nedenle iade ya da değişim için başvuruyor.,B
B1LIFE051,B1,medium,reading,Shopping & Money,discount calculation,Bir mağazada mont 1800 TL. Bugün bu üründe %20 indirim var. İndirimden sonra fiyat kaç TL olur?,1780 TL.,"Bu seçenek metindeki bilgiyle uyuşmuyor. %20 indirim, 1800 TL’nin %20’inin çıkarılması demektir; yeni fiyat 1440 TL olur.",1820 TL.,"Bu seçenek metindeki bilgiyle uyuşmuyor. %20 indirim, 1800 TL’nin %20’inin çıkarılması demektir; yeni fiyat 1440 TL olur.",1440 TL.,"Doğru. %20 indirim, 1800 TL’nin %20’inin çıkarılması demektir; yeni fiyat 1440 TL olur.",2160 TL.,"Bu seçenek metindeki bilgiyle uyuşmuyor. %20 indirim, 1800 TL’nin %20’inin çıkarılması demektir; yeni fiyat 1440 TL olur.",C
B1LIFE052,B1,medium,reading,Shopping & Money,discount calculation,Bir mağazada kitap seti 750 TL. Bugün bu üründe %10 indirim var. İndirimden sonra fiyat kaç TL olur?,740 TL.,"Bu seçenek metindeki bilgiyle uyuşmuyor. %10 indirim, 750 TL’nin %10’inin çıkarılması demektir; yeni fiyat 675 TL olur.",760 TL.,"Bu seçenek metindeki bilgiyle uyuşmuyor. %10 indirim, 750 TL’nin %10’inin çıkarılması demektir; yeni fiyat 675 TL olur.",825 TL.,"Bu seçenek metindeki bilgiyle uyuşmuyor. %10 indirim, 750 TL’nin %10’inin çıkarılması demektir; yeni fiyat 675 TL olur.",675 TL.,"Doğru. %10 indirim, 750 TL’nin %10’inin çıkarılması demektir; yeni fiyat 675 TL olur.",D
B1LIFE053,B1,medium,reading,Shopping & Money,discount calculation,Bir mağazada spor çantası 1200 TL. Bugün bu üründe %25 indirim var. İndirimden sonra fiyat kaç TL olur?,900 TL.,"Doğru. %25 indirim, 1200 TL’nin %25’inin çıkarılması demektir; yeni fiyat 900 TL olur.",1175 TL.,"Bu seçenek metindeki bilgiyle uyuşmuyor. %25 indirim, 1200 TL’nin %25’inin çıkarılması demektir; yeni fiyat 900 TL olur.",1225 TL.,"Bu seçenek metindeki bilgiyle uyuşmuyor. %25 indirim, 1200 TL’nin %25’inin çıkarılması demektir; yeni fiyat 900 TL olur.",1500 TL.,"Bu seçenek metindeki bilgiyle uyuşmuyor. %25 indirim, 1200 TL’nin %25’inin çıkarılması demektir; yeni fiyat 900 TL olur.",A
B1LIFE054,B1,medium,reading,Shopping & Money,discount calculation,Bir mağazada kahve makinesi 2400 TL. Bugün bu üründe %15 indirim var. İndirimden sonra fiyat kaç TL olur?,2385 TL.,"Bu seçenek metindeki bilgiyle uyuşmuyor. %15 indirim, 2400 TL’nin %15’inin çıkarılması demektir; yeni fiyat 2040 TL olur.",2040 TL.,"Doğru. %15 indirim, 2400 TL’nin %15’inin çıkarılması demektir; yeni fiyat 2040 TL olur.",2415 TL.,"Bu seçenek metindeki bilgiyle uyuşmuyor. %15 indirim, 2400 TL’nin %15’inin çıkarılması demektir; yeni fiyat 2040 TL olur.",2760 TL.,"Bu seçenek metindeki bilgiyle uyuşmuyor. %15 indirim, 2400 TL’nin %15’inin çıkarılması demektir; yeni fiyat 2040 TL olur.",B
B1LIFE055,B1,medium,reading,Shopping & Money,discount calculation,Bir mağazada kulaklık 1600 TL. Bugün bu üründe %30 indirim var. İndirimden sonra fiyat kaç TL olur?,1570 TL.,"Bu seçenek metindeki bilgiyle uyuşmuyor. %30 indirim, 1600 TL’nin %30’inin çıkarılması demektir; yeni fiyat 1120 TL olur.",1630 TL.,"Bu seçenek metindeki bilgiyle uyuşmuyor. %30 indirim, 1600 TL’nin %30’inin çıkarılması demektir; yeni fiyat 1120 TL olur.",1120 TL.,"Doğru. %30 indirim, 1600 TL’nin %30’inin çıkarılması demektir; yeni fiyat 1120 TL olur.",2080 TL.,"Bu seçenek metindeki bilgiyle uyuşmuyor. %30 indirim, 1600 TL’nin %30’inin çıkarılması demektir; yeni fiyat 1120 TL olur.",C
B1LIFE056,B1,medium,reading,Shopping & Money,discount calculation,Bir mağazada ayakkabı 2000 TL. Bugün bu üründe %20 indirim var. İndirimden sonra fiyat kaç TL olur?,1980 TL.,"Bu seçenek metindeki bilgiyle uyuşmuyor. %20 indirim, 2000 TL’nin %20’inin çıkarılması demektir; yeni fiyat 1600 TL olur.",2020 TL.,"Bu seçenek metindeki bilgiyle uyuşmuyor. %20 indirim, 2000 TL’nin %20’inin çıkarılması demektir; yeni fiyat 1600 TL olur.",2400 TL.,"Bu seçenek metindeki bilgiyle uyuşmuyor. %20 indirim, 2000 TL’nin %20’inin çıkarılması demektir; yeni fiyat 1600 TL olur.",1600 TL.,"Doğru. %20 indirim, 2000 TL’nin %20’inin çıkarılması demektir; yeni fiyat 1600 TL olur.",D
B1LIFE057,B1,medium,reading,Shopping & Money,discount calculation,Bir mağazada masa lambası 900 TL. Bugün bu üründe %15 indirim var. İndirimden sonra fiyat kaç TL olur?,765 TL.,"Doğru. %15 indirim, 900 TL’nin %15’inin çıkarılması demektir; yeni fiyat 765 TL olur.",885 TL.,"Bu seçenek metindeki bilgiyle uyuşmuyor. %15 indirim, 900 TL’nin %15’inin çıkarılması demektir; yeni fiyat 765 TL olur.",915 TL.,"Bu seçenek metindeki bilgiyle uyuşmuyor. %15 indirim, 900 TL’nin %15’inin çıkarılması demektir; yeni fiyat 765 TL olur.",1035 TL.,"Bu seçenek metindeki bilgiyle uyuşmuyor. %15 indirim, 900 TL’nin %15’inin çıkarılması demektir; yeni fiyat 765 TL olur.",A
B1LIFE058,B1,medium,reading,Shopping & Money,discount calculation,Bir mağazada sırt çantası 1400 TL. Bugün bu üründe %10 indirim var. İndirimden sonra fiyat kaç TL olur?,1390 TL.,"Bu seçenek metindeki bilgiyle uyuşmuyor. %10 indirim, 1400 TL’nin %10’inin çıkarılması demektir; yeni fiyat 1260 TL olur.",1260 TL.,"Doğru. %10 indirim, 1400 TL’nin %10’inin çıkarılması demektir; yeni fiyat 1260 TL olur.",1410 TL.,"Bu seçenek metindeki bilgiyle uyuşmuyor. %10 indirim, 1400 TL’nin %10’inin çıkarılması demektir; yeni fiyat 1260 TL olur.",1540 TL.,"Bu seçenek metindeki bilgiyle uyuşmuyor. %10 indirim, 1400 TL’nin %10’inin çıkarılması demektir; yeni fiyat 1260 TL olur.",B
B1LIFE059,B1,medium,reading,Shopping & Money,discount calculation,Bir mağazada ceket 2200 TL. Bugün bu üründe %25 indirim var. İndirimden sonra fiyat kaç TL olur?,2175 TL.,"Bu seçenek metindeki bilgiyle uyuşmuyor. %25 indirim, 2200 TL’nin %25’inin çıkarılması demektir; yeni fiyat 1650 TL olur.",2225 TL.,"Bu seçenek metindeki bilgiyle uyuşmuyor. %25 indirim, 2200 TL’nin %25’inin çıkarılması demektir; yeni fiyat 1650 TL olur.",1650 TL.,"Doğru. %25 indirim, 2200 TL’nin %25’inin çıkarılması demektir; yeni fiyat 1650 TL olur.",2750 TL.,"Bu seçenek metindeki bilgiyle uyuşmuyor. %25 indirim, 2200 TL’nin %25’inin çıkarılması demektir; yeni fiyat 1650 TL olur.",C
B1LIFE060,B1,medium,reading,Shopping & Money,discount calculation,Bir mağazada blender 1800 TL. Bugün bu üründe %30 indirim var. İndirimden sonra fiyat kaç TL olur?,1770 TL.,"Bu seçenek metindeki bilgiyle uyuşmuyor. %30 indirim, 1800 TL’nin %30’inin çıkarılması demektir; yeni fiyat 1260 TL olur.",1830 TL.,"Bu seçenek metindeki bilgiyle uyuşmuyor. %30 indirim, 1800 TL’nin %30’inin çıkarılması demektir; yeni fiyat 1260 TL olur.",2340 TL.,"Bu seçenek metindeki bilgiyle uyuşmuyor. %30 indirim, 1800 TL’nin %30’inin çıkarılması demektir; yeni fiyat 1260 TL olur.",1260 TL.,"Doğru. %30 indirim, 1800 TL’nin %30’inin çıkarılması demektir; yeni fiyat 1260 TL olur.",D
B1LIFE061,B1,medium,inference,Work Life,priority,Aslı’in iki işi var: önce müşteriye gönderilecek teklifi bitirmek; ayrıca öğleden sonraki toplantı için not hazırlamak. Zamanı sınırlıysa önce hangisini yapması daha mantıklıdır?,Müşteriye gönderilecek teklifi bitirmek.,Doğru. İlk görev daha acil veya yakın bir son tarihe sahip olduğu için önceliklidir.,Öğleden sonraki toplantı için not hazırlamak.,Bu seçenek metindeki bilgiyle uyuşmuyor. İlk görev daha acil veya yakın bir son tarihe sahip olduğu için önceliklidir.,İki işi de bırakıp ertesi güne beklemek.,Bu seçenek metindeki bilgiyle uyuşmuyor. İlk görev daha acil veya yakın bir son tarihe sahip olduğu için önceliklidir.,Öncelikle işle ilgisi olmayan başka bir görev seçmek.,Bu seçenek metindeki bilgiyle uyuşmuyor. İlk görev daha acil veya yakın bir son tarihe sahip olduğu için önceliklidir.,A
B1LIFE062,B1,medium,inference,Work Life,priority,Berk’in iki işi var: önce bugün teslim edilmesi gereken raporu tamamlamak; ayrıca gelecek haftanın dosyalarını düzenlemek. Zamanı sınırlıysa önce hangisini yapması daha mantıklıdır?,Gelecek haftanın dosyalarını düzenlemek.,Bu seçenek metindeki bilgiyle uyuşmuyor. İlk görev daha acil veya yakın bir son tarihe sahip olduğu için önceliklidir.,Bugün teslim edilmesi gereken raporu tamamlamak.,Doğru. İlk görev daha acil veya yakın bir son tarihe sahip olduğu için önceliklidir.,İki işi de bırakıp ertesi güne beklemek.,Bu seçenek metindeki bilgiyle uyuşmuyor. İlk görev daha acil veya yakın bir son tarihe sahip olduğu için önceliklidir.,Öncelikle işle ilgisi olmayan başka bir görev seçmek.,Bu seçenek metindeki bilgiyle uyuşmuyor. İlk görev daha acil veya yakın bir son tarihe sahip olduğu için önceliklidir.,B
B1LIFE063,B1,medium,inference,Work Life,priority,Cansu’in iki işi var: önce acil destek talebine cevap vermek; ayrıca ofis malzemesi listesini güncellemek. Zamanı sınırlıysa önce hangisini yapması daha mantıklıdır?,Ofis malzemesi listesini güncellemek.,Bu seçenek metindeki bilgiyle uyuşmuyor. İlk görev daha acil veya yakın bir son tarihe sahip olduğu için önceliklidir.,İki işi de bırakıp ertesi güne beklemek.,Bu seçenek metindeki bilgiyle uyuşmuyor. İlk görev daha acil veya yakın bir son tarihe sahip olduğu için önceliklidir.,Acil destek talebine cevap vermek.,Doğru. İlk görev daha acil veya yakın bir son tarihe sahip olduğu için önceliklidir.,Öncelikle işle ilgisi olmayan başka bir görev seçmek.,Bu seçenek metindeki bilgiyle uyuşmuyor. İlk görev daha acil veya yakın bir son tarihe sahip olduğu için önceliklidir.,C
B1LIFE064,B1,medium,inference,Work Life,priority,Doğan’in iki işi var: önce saat 11’deki sunumu kontrol etmek; ayrıca eski e-postaları arşivlemek. Zamanı sınırlıysa önce hangisini yapması daha mantıklıdır?,Eski e-postaları arşivlemek.,Bu seçenek metindeki bilgiyle uyuşmuyor. İlk görev daha acil veya yakın bir son tarihe sahip olduğu için önceliklidir.,İki işi de bırakıp ertesi güne beklemek.,Bu seçenek metindeki bilgiyle uyuşmuyor. İlk görev daha acil veya yakın bir son tarihe sahip olduğu için önceliklidir.,Öncelikle işle ilgisi olmayan başka bir görev seçmek.,Bu seçenek metindeki bilgiyle uyuşmuyor. İlk görev daha acil veya yakın bir son tarihe sahip olduğu için önceliklidir.,Saat 11’deki sunumu kontrol etmek.,Doğru. İlk görev daha acil veya yakın bir son tarihe sahip olduğu için önceliklidir.,D
B1LIFE065,B1,medium,inference,Work Life,priority,Esra’in iki işi var: önce yöneticinin istediği tabloyu güncellemek; ayrıca masaüstündeki klasörleri düzenlemek. Zamanı sınırlıysa önce hangisini yapması daha mantıklıdır?,Yöneticinin istediği tabloyu güncellemek.,Doğru. İlk görev daha acil veya yakın bir son tarihe sahip olduğu için önceliklidir.,Masaüstündeki klasörleri düzenlemek.,Bu seçenek metindeki bilgiyle uyuşmuyor. İlk görev daha acil veya yakın bir son tarihe sahip olduğu için önceliklidir.,İki işi de bırakıp ertesi güne beklemek.,Bu seçenek metindeki bilgiyle uyuşmuyor. İlk görev daha acil veya yakın bir son tarihe sahip olduğu için önceliklidir.,Öncelikle işle ilgisi olmayan başka bir görev seçmek.,Bu seçenek metindeki bilgiyle uyuşmuyor. İlk görev daha acil veya yakın bir son tarihe sahip olduğu için önceliklidir.,A
B1LIFE066,B1,medium,inference,Work Life,priority,Fırat’in iki işi var: önce müşterinin hatalı faturasını düzeltmek; ayrıca aylık toplantı odasını ayırtmak. Zamanı sınırlıysa önce hangisini yapması daha mantıklıdır?,Aylık toplantı odasını ayırtmak.,Bu seçenek metindeki bilgiyle uyuşmuyor. İlk görev daha acil veya yakın bir son tarihe sahip olduğu için önceliklidir.,Müşterinin hatalı faturasını düzeltmek.,Doğru. İlk görev daha acil veya yakın bir son tarihe sahip olduğu için önceliklidir.,İki işi de bırakıp ertesi güne beklemek.,Bu seçenek metindeki bilgiyle uyuşmuyor. İlk görev daha acil veya yakın bir son tarihe sahip olduğu için önceliklidir.,Öncelikle işle ilgisi olmayan başka bir görev seçmek.,Bu seçenek metindeki bilgiyle uyuşmuyor. İlk görev daha acil veya yakın bir son tarihe sahip olduğu için önceliklidir.,B
B1LIFE067,B1,medium,inference,Work Life,priority,Gül’in iki işi var: önce bugün kapanacak başvuruları incelemek; ayrıca gelecek ayın etkinlik listesini hazırlamak. Zamanı sınırlıysa önce hangisini yapması daha mantıklıdır?,Gelecek ayın etkinlik listesini hazırlamak.,Bu seçenek metindeki bilgiyle uyuşmuyor. İlk görev daha acil veya yakın bir son tarihe sahip olduğu için önceliklidir.,İki işi de bırakıp ertesi güne beklemek.,Bu seçenek metindeki bilgiyle uyuşmuyor. İlk görev daha acil veya yakın bir son tarihe sahip olduğu için önceliklidir.,Bugün kapanacak başvuruları incelemek.,Doğru. İlk görev daha acil veya yakın bir son tarihe sahip olduğu için önceliklidir.,Öncelikle işle ilgisi olmayan başka bir görev seçmek.,Bu seçenek metindeki bilgiyle uyuşmuyor. İlk görev daha acil veya yakın bir son tarihe sahip olduğu için önceliklidir.,C
B1LIFE068,B1,medium,inference,Work Life,priority,Harun’in iki işi var: önce sistemdeki kritik hatayı ekibe bildirmek; ayrıca yeni çalışan için masa düzenlemek. Zamanı sınırlıysa önce hangisini yapması daha mantıklıdır?,Yeni çalışan için masa düzenlemek.,Bu seçenek metindeki bilgiyle uyuşmuyor. İlk görev daha acil veya yakın bir son tarihe sahip olduğu için önceliklidir.,İki işi de bırakıp ertesi güne beklemek.,Bu seçenek metindeki bilgiyle uyuşmuyor. İlk görev daha acil veya yakın bir son tarihe sahip olduğu için önceliklidir.,Öncelikle işle ilgisi olmayan başka bir görev seçmek.,Bu seçenek metindeki bilgiyle uyuşmuyor. İlk görev daha acil veya yakın bir son tarihe sahip olduğu için önceliklidir.,Sistemdeki kritik hatayı ekibe bildirmek.,Doğru. İlk görev daha acil veya yakın bir son tarihe sahip olduğu için önceliklidir.,D
B1LIFE069,B1,medium,inference,Work Life,priority,İlayda’in iki işi var: önce öğleden önce gönderilmesi gereken sözleşmeyi kontrol etmek; ayrıca takvim rengini değiştirmek. Zamanı sınırlıysa önce hangisini yapması daha mantıklıdır?,Öğleden önce gönderilmesi gereken sözleşmeyi kontrol etmek.,Doğru. İlk görev daha acil veya yakın bir son tarihe sahip olduğu için önceliklidir.,Takvim rengini değiştirmek.,Bu seçenek metindeki bilgiyle uyuşmuyor. İlk görev daha acil veya yakın bir son tarihe sahip olduğu için önceliklidir.,İki işi de bırakıp ertesi güne beklemek.,Bu seçenek metindeki bilgiyle uyuşmuyor. İlk görev daha acil veya yakın bir son tarihe sahip olduğu için önceliklidir.,Öncelikle işle ilgisi olmayan başka bir görev seçmek.,Bu seçenek metindeki bilgiyle uyuşmuyor. İlk görev daha acil veya yakın bir son tarihe sahip olduğu için önceliklidir.,A
B1LIFE070,B1,medium,inference,Work Life,priority,Jale’in iki işi var: önce müşterinin beklediği geri dönüşü yapmak; ayrıca gelecek haftaki kahve siparişini planlamak. Zamanı sınırlıysa önce hangisini yapması daha mantıklıdır?,Gelecek haftaki kahve siparişini planlamak.,Bu seçenek metindeki bilgiyle uyuşmuyor. İlk görev daha acil veya yakın bir son tarihe sahip olduğu için önceliklidir.,Müşterinin beklediği geri dönüşü yapmak.,Doğru. İlk görev daha acil veya yakın bir son tarihe sahip olduğu için önceliklidir.,İki işi de bırakıp ertesi güne beklemek.,Bu seçenek metindeki bilgiyle uyuşmuyor. İlk görev daha acil veya yakın bir son tarihe sahip olduğu için önceliklidir.,Öncelikle işle ilgisi olmayan başka bir görev seçmek.,Bu seçenek metindeki bilgiyle uyuşmuyor. İlk görev daha acil veya yakın bir son tarihe sahip olduğu için önceliklidir.,B
B1LIFE071,B1,medium,reading,Study & Courses,course instructions,Türkçe kursu duyurusunda ödevin cuma akşamına kadar sisteme yüklenmesi; ayrıca geç yüklenen ödevlerin değerlendirmeye alınmaması belirtiliyor. Hangisi duyuruya uygundur?,Geç yüklenen ödevlerin değerlendirmeye alınmaması.,Bu seçenek metindeki bilgiyle uyuşmuyor. Duyurunun temel kuralı 'ödevin cuma akşamına kadar sisteme yüklenmesi' bilgisidir.,Duyuruda hiçbir kural belirtilmemiştir.,Bu seçenek metindeki bilgiyle uyuşmuyor. Duyurunun temel kuralı 'ödevin cuma akşamına kadar sisteme yüklenmesi' bilgisidir.,Ödevin cuma akşamına kadar sisteme yüklenmesi.,Doğru. Duyurunun temel kuralı 'ödevin cuma akşamına kadar sisteme yüklenmesi' bilgisidir.,Tüm derslerin iptal edildiği söylenmektedir.,Bu seçenek metindeki bilgiyle uyuşmuyor. Duyurunun temel kuralı 'ödevin cuma akşamına kadar sisteme yüklenmesi' bilgisidir.,C
B1LIFE072,B1,medium,reading,Study & Courses,course instructions,Fotoğrafçılık dersi duyurusunda öğrencilerin cumartesi çekim gezisine katılması; ayrıca yağmur olursa gezinin pazar gününe alınması belirtiliyor. Hangisi duyuruya uygundur?,Yağmur olursa gezinin pazar gününe alınması.,Bu seçenek metindeki bilgiyle uyuşmuyor. Duyurunun temel kuralı 'öğrencilerin cumartesi çekim gezisine katılması' bilgisidir.,Duyuruda hiçbir kural belirtilmemiştir.,Bu seçenek metindeki bilgiyle uyuşmuyor. Duyurunun temel kuralı 'öğrencilerin cumartesi çekim gezisine katılması' bilgisidir.,Tüm derslerin iptal edildiği söylenmektedir.,Bu seçenek metindeki bilgiyle uyuşmuyor. Duyurunun temel kuralı 'öğrencilerin cumartesi çekim gezisine katılması' bilgisidir.,Öğrencilerin cumartesi çekim gezisine katılması.,Doğru. Duyurunun temel kuralı 'öğrencilerin cumartesi çekim gezisine katılması' bilgisidir.,D
B1LIFE073,B1,medium,reading,Study & Courses,course instructions,Bilgisayar kursu duyurusunda uygulama sınavının laboratuvarda yapılması; ayrıca kişisel dizüstü bilgisayar getirmenin zorunlu olmaması belirtiliyor. Hangisi duyuruya uygundur?,Uygulama sınavının laboratuvarda yapılması.,Doğru. Duyurunun temel kuralı 'uygulama sınavının laboratuvarda yapılması' bilgisidir.,Kişisel dizüstü bilgisayar getirmenin zorunlu olmaması.,Bu seçenek metindeki bilgiyle uyuşmuyor. Duyurunun temel kuralı 'uygulama sınavının laboratuvarda yapılması' bilgisidir.,Duyuruda hiçbir kural belirtilmemiştir.,Bu seçenek metindeki bilgiyle uyuşmuyor. Duyurunun temel kuralı 'uygulama sınavının laboratuvarda yapılması' bilgisidir.,Tüm derslerin iptal edildiği söylenmektedir.,Bu seçenek metindeki bilgiyle uyuşmuyor. Duyurunun temel kuralı 'uygulama sınavının laboratuvarda yapılması' bilgisidir.,A
B1LIFE074,B1,medium,reading,Study & Courses,course instructions,Yemek kursu duyurusunda malzemelerin okul tarafından sağlanması; ayrıca öğrencilerin önlük getirmesi belirtiliyor. Hangisi duyuruya uygundur?,Öğrencilerin önlük getirmesi.,Bu seçenek metindeki bilgiyle uyuşmuyor. Duyurunun temel kuralı 'malzemelerin okul tarafından sağlanması' bilgisidir.,Malzemelerin okul tarafından sağlanması.,Doğru. Duyurunun temel kuralı 'malzemelerin okul tarafından sağlanması' bilgisidir.,Duyuruda hiçbir kural belirtilmemiştir.,Bu seçenek metindeki bilgiyle uyuşmuyor. Duyurunun temel kuralı 'malzemelerin okul tarafından sağlanması' bilgisidir.,Tüm derslerin iptal edildiği söylenmektedir.,Bu seçenek metindeki bilgiyle uyuşmuyor. Duyurunun temel kuralı 'malzemelerin okul tarafından sağlanması' bilgisidir.,B
B1LIFE075,B1,medium,reading,Study & Courses,course instructions,İngilizce kursu duyurusunda konuşma sınavının ikili yapılması; ayrıca eşlerin ders başında belirlenmesi belirtiliyor. Hangisi duyuruya uygundur?,Eşlerin ders başında belirlenmesi.,Bu seçenek metindeki bilgiyle uyuşmuyor. Duyurunun temel kuralı 'konuşma sınavının ikili yapılması' bilgisidir.,Duyuruda hiçbir kural belirtilmemiştir.,Bu seçenek metindeki bilgiyle uyuşmuyor. Duyurunun temel kuralı 'konuşma sınavının ikili yapılması' bilgisidir.,Konuşma sınavının ikili yapılması.,Doğru. Duyurunun temel kuralı 'konuşma sınavının ikili yapılması' bilgisidir.,Tüm derslerin iptal edildiği söylenmektedir.,Bu seçenek metindeki bilgiyle uyuşmuyor. Duyurunun temel kuralı 'konuşma sınavının ikili yapılması' bilgisidir.,C
B1LIFE076,B1,medium,reading,Study & Courses,course instructions,Matematik dersi duyurusunda ek çalışma kâğıdının isteğe bağlı olması; ayrıca ana ödevin zorunlu olması belirtiliyor. Hangisi duyuruya uygundur?,Ana ödevin zorunlu olmaması.,Bu seçenek metindeki bilgiyle uyuşmuyor. Duyurunun temel kuralı 'ek çalışma kâğıdının isteğe bağlı olması' bilgisidir.,Duyuruda hiçbir kural belirtilmemiştir.,Bu seçenek metindeki bilgiyle uyuşmuyor. Duyurunun temel kuralı 'ek çalışma kâğıdının isteğe bağlı olması' bilgisidir.,Tüm derslerin iptal edildiği söylenmektedir.,Bu seçenek metindeki bilgiyle uyuşmuyor. Duyurunun temel kuralı 'ek çalışma kâğıdının isteğe bağlı olması' bilgisidir.,Ek çalışma kâğıdının isteğe bağlı olması.,Doğru. Duyurunun temel kuralı 'ek çalışma kâğıdının isteğe bağlı olması' bilgisidir.,D
B1LIFE077,B1,medium,reading,Study & Courses,course instructions,Müzik kursu duyurusunda provanın saat 18.00’de başlaması; ayrıca geç gelenlerin ilk parçaya katılamaması belirtiliyor. Hangisi duyuruya uygundur?,Provanın saat 18.00’de başlaması.,Doğru. Duyurunun temel kuralı 'provanın saat 18.00’de başlaması' bilgisidir.,Geç gelenlerin ilk parçaya katılamaması.,Bu seçenek metindeki bilgiyle uyuşmuyor. Duyurunun temel kuralı 'provanın saat 18.00’de başlaması' bilgisidir.,Duyuruda hiçbir kural belirtilmemiştir.,Bu seçenek metindeki bilgiyle uyuşmuyor. Duyurunun temel kuralı 'provanın saat 18.00’de başlaması' bilgisidir.,Tüm derslerin iptal edildiği söylenmektedir.,Bu seçenek metindeki bilgiyle uyuşmuyor. Duyurunun temel kuralı 'provanın saat 18.00’de başlaması' bilgisidir.,A
B1LIFE078,B1,medium,reading,Study & Courses,course instructions,Resim atölyesi duyurusunda boyaların ortak kullanılması; ayrıca kişisel fırça getirmenin önerilmesi belirtiliyor. Hangisi duyuruya uygundur?,Kişisel fırça getirmenin önerilmesi.,Bu seçenek metindeki bilgiyle uyuşmuyor. Duyurunun temel kuralı 'boyaların ortak kullanılması' bilgisidir.,Boyaların ortak kullanılması.,Doğru. Duyurunun temel kuralı 'boyaların ortak kullanılması' bilgisidir.,Duyuruda hiçbir kural belirtilmemiştir.,Bu seçenek metindeki bilgiyle uyuşmuyor. Duyurunun temel kuralı 'boyaların ortak kullanılması' bilgisidir.,Tüm derslerin iptal edildiği söylenmektedir.,Bu seçenek metindeki bilgiyle uyuşmuyor. Duyurunun temel kuralı 'boyaların ortak kullanılması' bilgisidir.,B
B1LIFE079,B1,medium,reading,Study & Courses,course instructions,Sunum eğitimi duyurusunda sunumların beş dakika ile sınırlı olması; ayrıca fazla süren sunumların durdurulması belirtiliyor. Hangisi duyuruya uygundur?,Fazla süren sunumların durdurulması.,Bu seçenek metindeki bilgiyle uyuşmuyor. Duyurunun temel kuralı 'sunumların beş dakika ile sınırlı olması' bilgisidir.,Duyuruda hiçbir kural belirtilmemiştir.,Bu seçenek metindeki bilgiyle uyuşmuyor. Duyurunun temel kuralı 'sunumların beş dakika ile sınırlı olması' bilgisidir.,Sunumların beş dakika ile sınırlı olması.,Doğru. Duyurunun temel kuralı 'sunumların beş dakika ile sınırlı olması' bilgisidir.,Tüm derslerin iptal edildiği söylenmektedir.,Bu seçenek metindeki bilgiyle uyuşmuyor. Duyurunun temel kuralı 'sunumların beş dakika ile sınırlı olması' bilgisidir.,C
B1LIFE080,B1,medium,reading,Study & Courses,course instructions,Yazma kursu duyurusunda taslakların dersten bir gün önce paylaşılması; ayrıca derste akran geri bildirimi yapılması belirtiliyor. Hangisi duyuruya uygundur?,Derste akran geri bildirimi yapılmaması.,Bu seçenek metindeki bilgiyle uyuşmuyor. Duyurunun temel kuralı 'taslakların dersten bir gün önce paylaşılması' bilgisidir.,Duyuruda hiçbir kural belirtilmemiştir.,Bu seçenek metindeki bilgiyle uyuşmuyor. Duyurunun temel kuralı 'taslakların dersten bir gün önce paylaşılması' bilgisidir.,Tüm derslerin iptal edildiği söylenmektedir.,Bu seçenek metindeki bilgiyle uyuşmuyor. Duyurunun temel kuralı 'taslakların dersten bir gün önce paylaşılması' bilgisidir.,Taslakların dersten bir gün önce paylaşılması.,Doğru. Duyurunun temel kuralı 'taslakların dersten bir gün önce paylaşılması' bilgisidir.,D
B1LIFE081,B1,medium,dialogue,Social Communication,appropriate response,"Bir kişi şöyle diyor: ""Bu akşam yemeğe gelir misin?"" Bu durumda en uygun cevap hangisidir?",Çok isterdim ama bu akşam çalışmam gerekiyor.,"Doğru. Uygun cevap, söylenen isteğe veya davete doğrudan ve doğal biçimde karşılık verir.",Buzdolabı mutfakta.,"Bu seçenek metindeki bilgiyle uyuşmuyor. Uygun cevap, söylenen isteğe veya davete doğrudan ve doğal biçimde karşılık verir.",Otobüs kartımı dün aldım.,"Bu seçenek metindeki bilgiyle uyuşmuyor. Uygun cevap, söylenen isteğe veya davete doğrudan ve doğal biçimde karşılık verir.",Hava yarın sıcak olabilir.,"Bu seçenek metindeki bilgiyle uyuşmuyor. Uygun cevap, söylenen isteğe veya davete doğrudan ve doğal biçimde karşılık verir.",A
B1LIFE082,B1,medium,dialogue,Social Communication,appropriate response,"Bir kişi şöyle diyor: ""Yarın sana kitabı getirebilir misin?"" Bu durumda en uygun cevap hangisidir?",Kitaplar genelde sessizdir.,"Bu seçenek metindeki bilgiyle uyuşmuyor. Uygun cevap, söylenen isteğe veya davete doğrudan ve doğal biçimde karşılık verir.","Tabii, çantama şimdi koyayım da unutmayayım.","Doğru. Uygun cevap, söylenen isteğe veya davete doğrudan ve doğal biçimde karşılık verir.",Bugün çok uzun bir toplantım vardı.,"Bu seçenek metindeki bilgiyle uyuşmuyor. Uygun cevap, söylenen isteğe veya davete doğrudan ve doğal biçimde karşılık verir.",Kahve şekersiz olsun.,"Bu seçenek metindeki bilgiyle uyuşmuyor. Uygun cevap, söylenen isteğe veya davete doğrudan ve doğal biçimde karşılık verir.",B
B1LIFE083,B1,medium,dialogue,Social Communication,appropriate response,"Bir kişi şöyle diyor: ""Toplantıyı saat üçe alabilir miyiz?"" Bu durumda en uygun cevap hangisidir?",Bu kalem mavi yazıyor.,"Bu seçenek metindeki bilgiyle uyuşmuyor. Uygun cevap, söylenen isteğe veya davete doğrudan ve doğal biçimde karşılık verir.",Dün sinemaya gittik.,"Bu seçenek metindeki bilgiyle uyuşmuyor. Uygun cevap, söylenen isteğe veya davete doğrudan ve doğal biçimde karşılık verir.","Benim için uygun, takvimimi güncellerim.","Doğru. Uygun cevap, söylenen isteğe veya davete doğrudan ve doğal biçimde karşılık verir.",Çantam oldukça ağır.,"Bu seçenek metindeki bilgiyle uyuşmuyor. Uygun cevap, söylenen isteğe veya davete doğrudan ve doğal biçimde karşılık verir.",C
B1LIFE084,B1,medium,dialogue,Social Communication,appropriate response,"Bir kişi şöyle diyor: ""Hafta sonu birlikte yürüyüş yapalım mı?"" Bu durumda en uygun cevap hangisidir?",Bilgisayarımın ekranı büyük.,"Bu seçenek metindeki bilgiyle uyuşmuyor. Uygun cevap, söylenen isteğe veya davete doğrudan ve doğal biçimde karşılık verir.",Bugün ekmek aldım.,"Bu seçenek metindeki bilgiyle uyuşmuyor. Uygun cevap, söylenen isteğe veya davete doğrudan ve doğal biçimde karşılık verir.",Müzik sesi biraz yüksek.,"Bu seçenek metindeki bilgiyle uyuşmuyor. Uygun cevap, söylenen isteğe veya davete doğrudan ve doğal biçimde karşılık verir.","Olur, hava uygunsa cumartesi sabahı çıkabiliriz.","Doğru. Uygun cevap, söylenen isteğe veya davete doğrudan ve doğal biçimde karşılık verir.",D
B1LIFE085,B1,medium,dialogue,Social Communication,appropriate response,"Bir kişi şöyle diyor: ""Beni istasyondan alabilir misin?"" Bu durumda en uygun cevap hangisidir?","Evet, treninin saatini bana gönder.","Doğru. Uygun cevap, söylenen isteğe veya davete doğrudan ve doğal biçimde karşılık verir.",Bu gömlek indirimdeydi.,"Bu seçenek metindeki bilgiyle uyuşmuyor. Uygun cevap, söylenen isteğe veya davete doğrudan ve doğal biçimde karşılık verir.",Akşam çorba yaptım.,"Bu seçenek metindeki bilgiyle uyuşmuyor. Uygun cevap, söylenen isteğe veya davete doğrudan ve doğal biçimde karşılık verir.",Pencereyi kapattım.,"Bu seçenek metindeki bilgiyle uyuşmuyor. Uygun cevap, söylenen isteğe veya davete doğrudan ve doğal biçimde karşılık verir.",A
B1LIFE086,B1,medium,dialogue,Social Communication,appropriate response,"Bir kişi şöyle diyor: ""Dosyayı bana bugün gönderebilir misin?"" Bu durumda en uygun cevap hangisidir?",Oda oldukça aydınlık.,"Bu seçenek metindeki bilgiyle uyuşmuyor. Uygun cevap, söylenen isteğe veya davete doğrudan ve doğal biçimde karşılık verir.","Evet, son kontrolü yapıp öğleden sonra yollarım.","Doğru. Uygun cevap, söylenen isteğe veya davete doğrudan ve doğal biçimde karşılık verir.",Sokakta yeni bir kafe açıldı.,"Bu seçenek metindeki bilgiyle uyuşmuyor. Uygun cevap, söylenen isteğe veya davete doğrudan ve doğal biçimde karşılık verir.",Ayakkabılar kapının yanında.,"Bu seçenek metindeki bilgiyle uyuşmuyor. Uygun cevap, söylenen isteğe veya davete doğrudan ve doğal biçimde karşılık verir.",B
B1LIFE087,B1,medium,dialogue,Social Communication,appropriate response,"Bir kişi şöyle diyor: ""Kahveyi dışarıda mı içsek?"" Bu durumda en uygun cevap hangisidir?",Yeni telefon çok hafif.,"Bu seçenek metindeki bilgiyle uyuşmuyor. Uygun cevap, söylenen isteğe veya davete doğrudan ve doğal biçimde karşılık verir.",Bugün posta geldi.,"Bu seçenek metindeki bilgiyle uyuşmuyor. Uygun cevap, söylenen isteğe veya davete doğrudan ve doğal biçimde karşılık verir.","Olur, yakındaki sakin kafeye gidebiliriz.","Doğru. Uygun cevap, söylenen isteğe veya davete doğrudan ve doğal biçimde karşılık verir.",Kapıyı kilitledim.,"Bu seçenek metindeki bilgiyle uyuşmuyor. Uygun cevap, söylenen isteğe veya davete doğrudan ve doğal biçimde karşılık verir.",C
B1LIFE088,B1,medium,dialogue,Social Communication,appropriate response,"Bir kişi şöyle diyor: ""Yarın biraz erken gelebilir misin?"" Bu durumda en uygun cevap hangisidir?",Bu masa ahşaptan yapılmış.,"Bu seçenek metindeki bilgiyle uyuşmuyor. Uygun cevap, söylenen isteğe veya davete doğrudan ve doğal biçimde karşılık verir.",Film iki saat sürdü.,"Bu seçenek metindeki bilgiyle uyuşmuyor. Uygun cevap, söylenen isteğe veya davete doğrudan ve doğal biçimde karşılık verir.",Kalemim masada kaldı.,"Bu seçenek metindeki bilgiyle uyuşmuyor. Uygun cevap, söylenen isteğe veya davete doğrudan ve doğal biçimde karşılık verir.","Evet, yarım saat erken çıkmaya çalışırım.","Doğru. Uygun cevap, söylenen isteğe veya davete doğrudan ve doğal biçimde karşılık verir.",D
B1LIFE089,B1,medium,dialogue,Social Communication,appropriate response,"Bir kişi şöyle diyor: ""Bu hafta sonu bize uğrar mısın?"" Bu durumda en uygun cevap hangisidir?","Pazar öğleden sonra uygunum, memnuniyetle gelirim.","Doğru. Uygun cevap, söylenen isteğe veya davete doğrudan ve doğal biçimde karşılık verir.",Çamaşırlar henüz kurumadı.,"Bu seçenek metindeki bilgiyle uyuşmuyor. Uygun cevap, söylenen isteğe veya davete doğrudan ve doğal biçimde karşılık verir.",Biletimi telefonuma kaydettim.,"Bu seçenek metindeki bilgiyle uyuşmuyor. Uygun cevap, söylenen isteğe veya davete doğrudan ve doğal biçimde karşılık verir.",Süt buzdolabında.,"Bu seçenek metindeki bilgiyle uyuşmuyor. Uygun cevap, söylenen isteğe veya davete doğrudan ve doğal biçimde karşılık verir.",A
B1LIFE090,B1,medium,dialogue,Social Communication,appropriate response,"Bir kişi şöyle diyor: ""Sunumdan önce birlikte prova yapalım mı?"" Bu durumda en uygun cevap hangisidir?",Bahçede iki ağaç var.,"Bu seçenek metindeki bilgiyle uyuşmuyor. Uygun cevap, söylenen isteğe veya davete doğrudan ve doğal biçimde karşılık verir.","İyi fikir, öğle arasında kısa bir prova yapabiliriz.","Doğru. Uygun cevap, söylenen isteğe veya davete doğrudan ve doğal biçimde karşılık verir.",Yeni çantam siyah.,"Bu seçenek metindeki bilgiyle uyuşmuyor. Uygun cevap, söylenen isteğe veya davete doğrudan ve doğal biçimde karşılık verir.",Bugün otobüs kalabalıktı.,"Bu seçenek metindeki bilgiyle uyuşmuyor. Uygun cevap, söylenen isteğe veya davete doğrudan ve doğal biçimde karşılık verir.",B
B1LIFE091,B1,medium,inference,Home Life,practical inference,Evde mutfak musluğu ile ilgili şu sorun fark edildi: gece boyunca damlatıyor. İlk mantıklı adım hangisidir?,Sorunu görmezden gelmek.,Bu seçenek metindeki bilgiyle uyuşmuyor. Verilen sorunla doğrudan ilgili ve ölçülü ilk adım contanın kontrol edilmesi olur.,Cihazı veya bölümü hemen tamamen değiştirmek.,Bu seçenek metindeki bilgiyle uyuşmuyor. Verilen sorunla doğrudan ilgili ve ölçülü ilk adım contanın kontrol edilmesi olur.,Contanın kontrol edilmesi.,Doğru. Verilen sorunla doğrudan ilgili ve ölçülü ilk adım contanın kontrol edilmesi olur.,Sorunla ilgisi olmayan başka bir eşyayı kontrol etmek.,Bu seçenek metindeki bilgiyle uyuşmuyor. Verilen sorunla doğrudan ilgili ve ölçülü ilk adım contanın kontrol edilmesi olur.,C
B1LIFE092,B1,medium,inference,Home Life,practical inference,Evde buzdolabı ile ilgili şu sorun fark edildi: normalden daha sıcak çalışıyor. İlk mantıklı adım hangisidir?,Sorunu görmezden gelmek.,Bu seçenek metindeki bilgiyle uyuşmuyor. Verilen sorunla doğrudan ilgili ve ölçülü ilk adım sıcaklık ayarının kontrol edilmesi olur.,Cihazı veya bölümü hemen tamamen değiştirmek.,Bu seçenek metindeki bilgiyle uyuşmuyor. Verilen sorunla doğrudan ilgili ve ölçülü ilk adım sıcaklık ayarının kontrol edilmesi olur.,Sorunla ilgisi olmayan başka bir eşyayı kontrol etmek.,Bu seçenek metindeki bilgiyle uyuşmuyor. Verilen sorunla doğrudan ilgili ve ölçülü ilk adım sıcaklık ayarının kontrol edilmesi olur.,Sıcaklık ayarının kontrol edilmesi.,Doğru. Verilen sorunla doğrudan ilgili ve ölçülü ilk adım sıcaklık ayarının kontrol edilmesi olur.,D
B1LIFE093,B1,medium,inference,Home Life,practical inference,Evde çamaşır makinesi ile ilgili şu sorun fark edildi: programın ortasında duruyor. İlk mantıklı adım hangisidir?,Filtrenin kontrol edilmesi.,Doğru. Verilen sorunla doğrudan ilgili ve ölçülü ilk adım filtrenin kontrol edilmesi olur.,Sorunu görmezden gelmek.,Bu seçenek metindeki bilgiyle uyuşmuyor. Verilen sorunla doğrudan ilgili ve ölçülü ilk adım filtrenin kontrol edilmesi olur.,Cihazı veya bölümü hemen tamamen değiştirmek.,Bu seçenek metindeki bilgiyle uyuşmuyor. Verilen sorunla doğrudan ilgili ve ölçülü ilk adım filtrenin kontrol edilmesi olur.,Sorunla ilgisi olmayan başka bir eşyayı kontrol etmek.,Bu seçenek metindeki bilgiyle uyuşmuyor. Verilen sorunla doğrudan ilgili ve ölçülü ilk adım filtrenin kontrol edilmesi olur.,A
B1LIFE094,B1,medium,inference,Home Life,practical inference,Evde internet bağlantısı ile ilgili şu sorun fark edildi: sık sık kesiliyor. İlk mantıklı adım hangisidir?,Sorunu görmezden gelmek.,Bu seçenek metindeki bilgiyle uyuşmuyor. Verilen sorunla doğrudan ilgili ve ölçülü ilk adım modemin yeniden başlatılması olur.,Modemin yeniden başlatılması.,Doğru. Verilen sorunla doğrudan ilgili ve ölçülü ilk adım modemin yeniden başlatılması olur.,Cihazı veya bölümü hemen tamamen değiştirmek.,Bu seçenek metindeki bilgiyle uyuşmuyor. Verilen sorunla doğrudan ilgili ve ölçülü ilk adım modemin yeniden başlatılması olur.,Sorunla ilgisi olmayan başka bir eşyayı kontrol etmek.,Bu seçenek metindeki bilgiyle uyuşmuyor. Verilen sorunla doğrudan ilgili ve ölçülü ilk adım modemin yeniden başlatılması olur.,B
B1LIFE095,B1,medium,inference,Home Life,practical inference,Evde salon lambası ile ilgili şu sorun fark edildi: bazen yanıp sönüyor. İlk mantıklı adım hangisidir?,Sorunu görmezden gelmek.,Bu seçenek metindeki bilgiyle uyuşmuyor. Verilen sorunla doğrudan ilgili ve ölçülü ilk adım ampulün ve bağlantının kontrol edilmesi olur.,Cihazı veya bölümü hemen tamamen değiştirmek.,Bu seçenek metindeki bilgiyle uyuşmuyor. Verilen sorunla doğrudan ilgili ve ölçülü ilk adım ampulün ve bağlantının kontrol edilmesi olur.,Ampulün ve bağlantının kontrol edilmesi.,Doğru. Verilen sorunla doğrudan ilgili ve ölçülü ilk adım ampulün ve bağlantının kontrol edilmesi olur.,Sorunla ilgisi olmayan başka bir eşyayı kontrol etmek.,Bu seçenek metindeki bilgiyle uyuşmuyor. Verilen sorunla doğrudan ilgili ve ölçülü ilk adım ampulün ve bağlantının kontrol edilmesi olur.,C
B1LIFE096,B1,medium,inference,Home Life,practical inference,Evde kombinin basıncı ile ilgili şu sorun fark edildi: normal seviyenin altına düşmüş. İlk mantıklı adım hangisidir?,Sorunu görmezden gelmek.,Bu seçenek metindeki bilgiyle uyuşmuyor. Verilen sorunla doğrudan ilgili ve ölçülü ilk adım basıncın uygun seviyeye getirilmesi olur.,Cihazı veya bölümü hemen tamamen değiştirmek.,Bu seçenek metindeki bilgiyle uyuşmuyor. Verilen sorunla doğrudan ilgili ve ölçülü ilk adım basıncın uygun seviyeye getirilmesi olur.,Sorunla ilgisi olmayan başka bir eşyayı kontrol etmek.,Bu seçenek metindeki bilgiyle uyuşmuyor. Verilen sorunla doğrudan ilgili ve ölçülü ilk adım basıncın uygun seviyeye getirilmesi olur.,Basıncın uygun seviyeye getirilmesi.,Doğru. Verilen sorunla doğrudan ilgili ve ölçülü ilk adım basıncın uygun seviyeye getirilmesi olur.,D
B1LIFE097,B1,medium,inference,Home Life,practical inference,Evde kapı kilidi ile ilgili şu sorun fark edildi: anahtarı çevirirken zorlanıyor. İlk mantıklı adım hangisidir?,Kilidin bakımının yapılması.,Doğru. Verilen sorunla doğrudan ilgili ve ölçülü ilk adım kilidin bakımının yapılması olur.,Sorunu görmezden gelmek.,Bu seçenek metindeki bilgiyle uyuşmuyor. Verilen sorunla doğrudan ilgili ve ölçülü ilk adım kilidin bakımının yapılması olur.,Cihazı veya bölümü hemen tamamen değiştirmek.,Bu seçenek metindeki bilgiyle uyuşmuyor. Verilen sorunla doğrudan ilgili ve ölçülü ilk adım kilidin bakımının yapılması olur.,Sorunla ilgisi olmayan başka bir eşyayı kontrol etmek.,Bu seçenek metindeki bilgiyle uyuşmuyor. Verilen sorunla doğrudan ilgili ve ölçülü ilk adım kilidin bakımının yapılması olur.,A
B1LIFE098,B1,medium,inference,Home Life,practical inference,Evde duş gideri ile ilgili şu sorun fark edildi: suyu yavaş boşaltıyor. İlk mantıklı adım hangisidir?,Sorunu görmezden gelmek.,Bu seçenek metindeki bilgiyle uyuşmuyor. Verilen sorunla doğrudan ilgili ve ölçülü ilk adım giderin temizlenmesi olur.,Giderin temizlenmesi.,Doğru. Verilen sorunla doğrudan ilgili ve ölçülü ilk adım giderin temizlenmesi olur.,Cihazı veya bölümü hemen tamamen değiştirmek.,Bu seçenek metindeki bilgiyle uyuşmuyor. Verilen sorunla doğrudan ilgili ve ölçülü ilk adım giderin temizlenmesi olur.,Sorunla ilgisi olmayan başka bir eşyayı kontrol etmek.,Bu seçenek metindeki bilgiyle uyuşmuyor. Verilen sorunla doğrudan ilgili ve ölçülü ilk adım giderin temizlenmesi olur.,B
B1LIFE099,B1,medium,inference,Home Life,practical inference,Evde fırın ile ilgili şu sorun fark edildi: istenen sıcaklığa geç ulaşıyor. İlk mantıklı adım hangisidir?,Sorunu görmezden gelmek.,Bu seçenek metindeki bilgiyle uyuşmuyor. Verilen sorunla doğrudan ilgili ve ölçülü ilk adım servis tarafından kontrol edilmesi olur.,Cihazı veya bölümü hemen tamamen değiştirmek.,Bu seçenek metindeki bilgiyle uyuşmuyor. Verilen sorunla doğrudan ilgili ve ölçülü ilk adım servis tarafından kontrol edilmesi olur.,Servis tarafından kontrol edilmesi.,Doğru. Verilen sorunla doğrudan ilgili ve ölçülü ilk adım servis tarafından kontrol edilmesi olur.,Sorunla ilgisi olmayan başka bir eşyayı kontrol etmek.,Bu seçenek metindeki bilgiyle uyuşmuyor. Verilen sorunla doğrudan ilgili ve ölçülü ilk adım servis tarafından kontrol edilmesi olur.,C
B1LIFE100,B1,medium,inference,Home Life,practical inference,Evde klima ile ilgili şu sorun fark edildi: odaya yeterince soğuk hava vermiyor. İlk mantıklı adım hangisidir?,Sorunu görmezden gelmek.,Bu seçenek metindeki bilgiyle uyuşmuyor. Verilen sorunla doğrudan ilgili ve ölçülü ilk adım filtrenin temizlenmesi olur.,Cihazı veya bölümü hemen tamamen değiştirmek.,Bu seçenek metindeki bilgiyle uyuşmuyor. Verilen sorunla doğrudan ilgili ve ölçülü ilk adım filtrenin temizlenmesi olur.,Sorunla ilgisi olmayan başka bir eşyayı kontrol etmek.,Bu seçenek metindeki bilgiyle uyuşmuyor. Verilen sorunla doğrudan ilgili ve ölçülü ilk adım filtrenin temizlenmesi olur.,Filtrenin temizlenmesi.,Doğru. Verilen sorunla doğrudan ilgili ve ölçülü ilk adım filtrenin temizlenmesi olur.,D
B1LIFE101,B1,medium,inference,Health & Habits,habit consequence,Leyla son günlerde çok geç yatıyor ve bu yüzden sabahları yorgun uyanıyor. Verilen bilgiye göre en uygun değişiklik hangisidir?,Uyku saatini düzenlemek.,Doğru. Belirtilen sonuçla en doğrudan ilişkili değişiklik uyku saatini düzenlemek olur.,Aynı alışkanlığı daha sık yapmak.,Bu seçenek metindeki bilgiyle uyuşmuyor. Belirtilen sonuçla en doğrudan ilişkili değişiklik uyku saatini düzenlemek olur.,Hiçbir şeyi değiştirmemek.,Bu seçenek metindeki bilgiyle uyuşmuyor. Belirtilen sonuçla en doğrudan ilişkili değişiklik uyku saatini düzenlemek olur.,Sorunla ilgisi olmayan farklı bir alışkanlık seçmek.,Bu seçenek metindeki bilgiyle uyuşmuyor. Belirtilen sonuçla en doğrudan ilişkili değişiklik uyku saatini düzenlemek olur.,A
B1LIFE102,B1,medium,inference,Health & Habits,habit consequence,Ozan gün boyunca çok az su içiyor ve bu yüzden öğleden sonra başı ağrıyor. Verilen bilgiye göre en uygun değişiklik hangisidir?,Aynı alışkanlığı daha sık yapmak.,Bu seçenek metindeki bilgiyle uyuşmuyor. Belirtilen sonuçla en doğrudan ilişkili değişiklik daha düzenli su içmek olur.,Daha düzenli su içmek.,Doğru. Belirtilen sonuçla en doğrudan ilişkili değişiklik daha düzenli su içmek olur.,Hiçbir şeyi değiştirmemek.,Bu seçenek metindeki bilgiyle uyuşmuyor. Belirtilen sonuçla en doğrudan ilişkili değişiklik daha düzenli su içmek olur.,Sorunla ilgisi olmayan farklı bir alışkanlık seçmek.,Bu seçenek metindeki bilgiyle uyuşmuyor. Belirtilen sonuçla en doğrudan ilişkili değişiklik daha düzenli su içmek olur.,B
B1LIFE103,B1,medium,inference,Health & Habits,habit consequence,Mina uzun süre bilgisayar başında oturuyor ve bu yüzden boynu sertleşiyor. Verilen bilgiye göre en uygun değişiklik hangisidir?,Aynı alışkanlığı daha sık yapmak.,Bu seçenek metindeki bilgiyle uyuşmuyor. Belirtilen sonuçla en doğrudan ilişkili değişiklik düzenli kısa molalar vermek olur.,Hiçbir şeyi değiştirmemek.,Bu seçenek metindeki bilgiyle uyuşmuyor. Belirtilen sonuçla en doğrudan ilişkili değişiklik düzenli kısa molalar vermek olur.,Düzenli kısa molalar vermek.,Doğru. Belirtilen sonuçla en doğrudan ilişkili değişiklik düzenli kısa molalar vermek olur.,Sorunla ilgisi olmayan farklı bir alışkanlık seçmek.,Bu seçenek metindeki bilgiyle uyuşmuyor. Belirtilen sonuçla en doğrudan ilişkili değişiklik düzenli kısa molalar vermek olur.,C
B1LIFE104,B1,medium,inference,Health & Habits,habit consequence,Rıza kahvaltıyı sık sık atlıyor ve bu yüzden öğlene doğru enerjisi düşüyor. Verilen bilgiye göre en uygun değişiklik hangisidir?,Aynı alışkanlığı daha sık yapmak.,Bu seçenek metindeki bilgiyle uyuşmuyor. Belirtilen sonuçla en doğrudan ilişkili değişiklik sabah dengeli bir şeyler yemek olur.,Hiçbir şeyi değiştirmemek.,Bu seçenek metindeki bilgiyle uyuşmuyor. Belirtilen sonuçla en doğrudan ilişkili değişiklik sabah dengeli bir şeyler yemek olur.,Sorunla ilgisi olmayan farklı bir alışkanlık seçmek.,Bu seçenek metindeki bilgiyle uyuşmuyor. Belirtilen sonuçla en doğrudan ilişkili değişiklik sabah dengeli bir şeyler yemek olur.,Sabah dengeli bir şeyler yemek.,Doğru. Belirtilen sonuçla en doğrudan ilişkili değişiklik sabah dengeli bir şeyler yemek olur.,D
B1LIFE105,B1,medium,inference,Health & Habits,habit consequence,Sude her akşam çok geç kahve içiyor ve bu yüzden uykuya dalmakta zorlanıyor. Verilen bilgiye göre en uygun değişiklik hangisidir?,Geç saatlerde kafeini azaltmak.,Doğru. Belirtilen sonuçla en doğrudan ilişkili değişiklik geç saatlerde kafeini azaltmak olur.,Aynı alışkanlığı daha sık yapmak.,Bu seçenek metindeki bilgiyle uyuşmuyor. Belirtilen sonuçla en doğrudan ilişkili değişiklik geç saatlerde kafeini azaltmak olur.,Hiçbir şeyi değiştirmemek.,Bu seçenek metindeki bilgiyle uyuşmuyor. Belirtilen sonuçla en doğrudan ilişkili değişiklik geç saatlerde kafeini azaltmak olur.,Sorunla ilgisi olmayan farklı bir alışkanlık seçmek.,Bu seçenek metindeki bilgiyle uyuşmuyor. Belirtilen sonuçla en doğrudan ilişkili değişiklik geç saatlerde kafeini azaltmak olur.,A
B1LIFE106,B1,medium,inference,Health & Habits,habit consequence,Tuna hafta boyunca hiç hareket etmiyor ve bu yüzden merdiven çıkarken çabuk yoruluyor. Verilen bilgiye göre en uygun değişiklik hangisidir?,Aynı alışkanlığı daha sık yapmak.,Bu seçenek metindeki bilgiyle uyuşmuyor. Belirtilen sonuçla en doğrudan ilişkili değişiklik düzenli hafif egzersiz yapmak olur.,Düzenli hafif egzersiz yapmak.,Doğru. Belirtilen sonuçla en doğrudan ilişkili değişiklik düzenli hafif egzersiz yapmak olur.,Hiçbir şeyi değiştirmemek.,Bu seçenek metindeki bilgiyle uyuşmuyor. Belirtilen sonuçla en doğrudan ilişkili değişiklik düzenli hafif egzersiz yapmak olur.,Sorunla ilgisi olmayan farklı bir alışkanlık seçmek.,Bu seçenek metindeki bilgiyle uyuşmuyor. Belirtilen sonuçla en doğrudan ilişkili değişiklik düzenli hafif egzersiz yapmak olur.,B
B1LIFE107,B1,medium,inference,Health & Habits,habit consequence,Yaren telefon ekranına gece uzun süre bakıyor ve bu yüzden uyumadan önce zihni çok uyanık kalıyor. Verilen bilgiye göre en uygun değişiklik hangisidir?,Aynı alışkanlığı daha sık yapmak.,Bu seçenek metindeki bilgiyle uyuşmuyor. Belirtilen sonuçla en doğrudan ilişkili değişiklik yatmadan önce ekran süresini azaltmak olur.,Hiçbir şeyi değiştirmemek.,Bu seçenek metindeki bilgiyle uyuşmuyor. Belirtilen sonuçla en doğrudan ilişkili değişiklik yatmadan önce ekran süresini azaltmak olur.,Yatmadan önce ekran süresini azaltmak.,Doğru. Belirtilen sonuçla en doğrudan ilişkili değişiklik yatmadan önce ekran süresini azaltmak olur.,Sorunla ilgisi olmayan farklı bir alışkanlık seçmek.,Bu seçenek metindeki bilgiyle uyuşmuyor. Belirtilen sonuçla en doğrudan ilişkili değişiklik yatmadan önce ekran süresini azaltmak olur.,C
B1LIFE108,B1,medium,inference,Health & Habits,habit consequence,Volkan öğünlerini çok hızlı yiyor ve bu yüzden yemekten sonra rahatsız hissediyor. Verilen bilgiye göre en uygun değişiklik hangisidir?,Aynı alışkanlığı daha sık yapmak.,Bu seçenek metindeki bilgiyle uyuşmuyor. Belirtilen sonuçla en doğrudan ilişkili değişiklik daha yavaş yemek olur.,Hiçbir şeyi değiştirmemek.,Bu seçenek metindeki bilgiyle uyuşmuyor. Belirtilen sonuçla en doğrudan ilişkili değişiklik daha yavaş yemek olur.,Sorunla ilgisi olmayan farklı bir alışkanlık seçmek.,Bu seçenek metindeki bilgiyle uyuşmuyor. Belirtilen sonuçla en doğrudan ilişkili değişiklik daha yavaş yemek olur.,Daha yavaş yemek.,Doğru. Belirtilen sonuçla en doğrudan ilişkili değişiklik daha yavaş yemek olur.,D
B1LIFE109,B1,medium,inference,Health & Habits,habit consequence,Nisa çalışırken hiç ara vermiyor ve bu yüzden akşam dikkati çok düşüyor. Verilen bilgiye göre en uygun değişiklik hangisidir?,Çalışma arasında kısa molalar vermek.,Doğru. Belirtilen sonuçla en doğrudan ilişkili değişiklik çalışma arasında kısa molalar vermek olur.,Aynı alışkanlığı daha sık yapmak.,Bu seçenek metindeki bilgiyle uyuşmuyor. Belirtilen sonuçla en doğrudan ilişkili değişiklik çalışma arasında kısa molalar vermek olur.,Hiçbir şeyi değiştirmemek.,Bu seçenek metindeki bilgiyle uyuşmuyor. Belirtilen sonuçla en doğrudan ilişkili değişiklik çalışma arasında kısa molalar vermek olur.,Sorunla ilgisi olmayan farklı bir alışkanlık seçmek.,Bu seçenek metindeki bilgiyle uyuşmuyor. Belirtilen sonuçla en doğrudan ilişkili değişiklik çalışma arasında kısa molalar vermek olur.,A
B1LIFE110,B1,medium,inference,Health & Habits,habit consequence,Cem hafta sonu uyku saatini çok değiştiriyor ve bu yüzden pazartesi sabahı uyanmakta zorlanıyor. Verilen bilgiye göre en uygun değişiklik hangisidir?,Aynı alışkanlığı daha sık yapmak.,Bu seçenek metindeki bilgiyle uyuşmuyor. Belirtilen sonuçla en doğrudan ilişkili değişiklik uyku düzenini daha tutarlı tutmak olur.,Uyku düzenini daha tutarlı tutmak.,Doğru. Belirtilen sonuçla en doğrudan ilişkili değişiklik uyku düzenini daha tutarlı tutmak olur.,Hiçbir şeyi değiştirmemek.,Bu seçenek metindeki bilgiyle uyuşmuyor. Belirtilen sonuçla en doğrudan ilişkili değişiklik uyku düzenini daha tutarlı tutmak olur.,Sorunla ilgisi olmayan farklı bir alışkanlık seçmek.,Bu seçenek metindeki bilgiyle uyuşmuyor. Belirtilen sonuçla en doğrudan ilişkili değişiklik uyku düzenini daha tutarlı tutmak olur.,B
B1LIFE111,B1,medium,reading,Notices & Signs,notice comprehension,"Duyuru: ""Asansör bakım nedeniyle 13.00–15.00 arasında kullanılamayacaktır."" Bu duyurunun anlamı nedir?",Asansör bütün gün kapalıdır.,Bu seçenek metindeki bilgiyle uyuşmuyor. Doğru seçenek duyurudaki talimatı veya bilgiyi değiştirmeden özetler.,Asansör sadece sabah kullanılabilir.,Bu seçenek metindeki bilgiyle uyuşmuyor. Doğru seçenek duyurudaki talimatı veya bilgiyi değiştirmeden özetler.,13.00–15.00 arasında asansör çalışmayacaktır.,Doğru. Doğru seçenek duyurudaki talimatı veya bilgiyi değiştirmeden özetler.,Binaya giriş yasaktır.,Bu seçenek metindeki bilgiyle uyuşmuyor. Doğru seçenek duyurudaki talimatı veya bilgiyi değiştirmeden özetler.,C
B1LIFE112,B1,medium,reading,Notices & Signs,notice comprehension,"Duyuru: ""Lütfen toplantı odasından çıkarken ışıkları kapatınız."" Bu duyurunun anlamı nedir?",Toplantı odası kullanıma kapalıdır.,Bu seçenek metindeki bilgiyle uyuşmuyor. Doğru seçenek duyurudaki talimatı veya bilgiyi değiştirmeden özetler.,Işıkların bütün gün açık kalması isteniyor.,Bu seçenek metindeki bilgiyle uyuşmuyor. Doğru seçenek duyurudaki talimatı veya bilgiyi değiştirmeden özetler.,Sadece yöneticiler odaya girebilir.,Bu seçenek metindeki bilgiyle uyuşmuyor. Doğru seçenek duyurudaki talimatı veya bilgiyi değiştirmeden özetler.,Odadan ayrılırken ışıkların kapatılması isteniyor.,Doğru. Doğru seçenek duyurudaki talimatı veya bilgiyi değiştirmeden özetler.,D
B1LIFE113,B1,medium,reading,Notices & Signs,notice comprehension,"Duyuru: ""Bu kapı yalnızca personel tarafından kullanılabilir."" Bu duyurunun anlamı nedir?",Kapıyı yalnızca çalışanlar kullanabilir.,Doğru. Doğru seçenek duyurudaki talimatı veya bilgiyi değiştirmeden özetler.,Herkes bu kapıdan girebilir.,Bu seçenek metindeki bilgiyle uyuşmuyor. Doğru seçenek duyurudaki talimatı veya bilgiyi değiştirmeden özetler.,Kapı yalnızca müşteriler içindir.,Bu seçenek metindeki bilgiyle uyuşmuyor. Doğru seçenek duyurudaki talimatı veya bilgiyi değiştirmeden özetler.,Kapı arızalıdır.,Bu seçenek metindeki bilgiyle uyuşmuyor. Doğru seçenek duyurudaki talimatı veya bilgiyi değiştirmeden özetler.,A
B1LIFE114,B1,medium,reading,Notices & Signs,notice comprehension,"Duyuru: ""Sessiz alan: Telefon görüşmelerinizi dışarıda yapınız."" Bu duyurunun anlamı nedir?",Telefon kullanmak tamamen yasaktır.,Bu seçenek metindeki bilgiyle uyuşmuyor. Doğru seçenek duyurudaki talimatı veya bilgiyi değiştirmeden özetler.,Bu alanda telefonla konuşulmamalıdır.,Doğru. Doğru seçenek duyurudaki talimatı veya bilgiyi değiştirmeden özetler.,Dışarıda sessiz olmak gerekir.,Bu seçenek metindeki bilgiyle uyuşmuyor. Doğru seçenek duyurudaki talimatı veya bilgiyi değiştirmeden özetler.,Sadece mesajlaşmaya izin verilmez.,Bu seçenek metindeki bilgiyle uyuşmuyor. Doğru seçenek duyurudaki talimatı veya bilgiyi değiştirmeden özetler.,B
B1LIFE115,B1,medium,reading,Notices & Signs,notice comprehension,"Duyuru: ""Kütüphane bugün bakım nedeniyle 18.00’de kapanacaktır."" Bu duyurunun anlamı nedir?",Kütüphane bugün hiç açılmayacaktır.,Bu seçenek metindeki bilgiyle uyuşmuyor. Doğru seçenek duyurudaki talimatı veya bilgiyi değiştirmeden özetler.,Kapanış saati yarına ertelenmiştir.,Bu seçenek metindeki bilgiyle uyuşmuyor. Doğru seçenek duyurudaki talimatı veya bilgiyi değiştirmeden özetler.,Kütüphane normalden erken kapanacaktır.,Doğru. Doğru seçenek duyurudaki talimatı veya bilgiyi değiştirmeden özetler.,Saat 18.00’den sonra yeni kitaplar gelecektir.,Bu seçenek metindeki bilgiyle uyuşmuyor. Doğru seçenek duyurudaki talimatı veya bilgiyi değiştirmeden özetler.,C
B1LIFE116,B1,medium,reading,Notices & Signs,notice comprehension,"Duyuru: ""Otobüs durağı yol çalışması nedeniyle 200 metre ileri taşınmıştır."" Bu duyurunun anlamı nedir?",Otobüs seferleri tamamen iptal edilmiştir.,Bu seçenek metindeki bilgiyle uyuşmuyor. Doğru seçenek duyurudaki talimatı veya bilgiyi değiştirmeden özetler.,Durağın yeri değişmemiştir.,Bu seçenek metindeki bilgiyle uyuşmuyor. Doğru seçenek duyurudaki talimatı veya bilgiyi değiştirmeden özetler.,Yol çalışması bitmiştir.,Bu seçenek metindeki bilgiyle uyuşmuyor. Doğru seçenek duyurudaki talimatı veya bilgiyi değiştirmeden özetler.,Otobüse binmek için yeni durağa gitmek gerekir.,Doğru. Doğru seçenek duyurudaki talimatı veya bilgiyi değiştirmeden özetler.,D
B1LIFE117,B1,medium,reading,Notices & Signs,notice comprehension,"Duyuru: ""Kartla ödemelerde kasadan fişinizi almayı unutmayınız."" Bu duyurunun anlamı nedir?",Kartla ödeyen müşterilerin fişini alması hatırlatılıyor.,Doğru. Doğru seçenek duyurudaki talimatı veya bilgiyi değiştirmeden özetler.,Kartla ödeme kabul edilmiyor.,Bu seçenek metindeki bilgiyle uyuşmuyor. Doğru seçenek duyurudaki talimatı veya bilgiyi değiştirmeden özetler.,Fiş almak yasaktır.,Bu seçenek metindeki bilgiyle uyuşmuyor. Doğru seçenek duyurudaki talimatı veya bilgiyi değiştirmeden özetler.,Sadece nakit ödeme yapanlar fiş alabilir.,Bu seçenek metindeki bilgiyle uyuşmuyor. Doğru seçenek duyurudaki talimatı veya bilgiyi değiştirmeden özetler.,A
B1LIFE118,B1,medium,reading,Notices & Signs,notice comprehension,"Duyuru: ""Zemin ıslaktır. Lütfen dikkatli yürüyünüz."" Bu duyurunun anlamı nedir?",Zeminde oturmak gerekir.,Bu seçenek metindeki bilgiyle uyuşmuyor. Doğru seçenek duyurudaki talimatı veya bilgiyi değiştirmeden özetler.,Kayma riski olduğu için dikkat edilmelidir.,Doğru. Doğru seçenek duyurudaki talimatı veya bilgiyi değiştirmeden özetler.,Alan tamamen kapalıdır.,Bu seçenek metindeki bilgiyle uyuşmuyor. Doğru seçenek duyurudaki talimatı veya bilgiyi değiştirmeden özetler.,Ayakkabı çıkarmak zorunludur.,Bu seçenek metindeki bilgiyle uyuşmuyor. Doğru seçenek duyurudaki talimatı veya bilgiyi değiştirmeden özetler.,B
B1LIFE119,B1,medium,reading,Notices & Signs,notice comprehension,"Duyuru: ""Bu bölümde fotoğraf çekmek yasaktır."" Bu duyurunun anlamı nedir?",Fotoğraf çekmek ücretsizdir.,Bu seçenek metindeki bilgiyle uyuşmuyor. Doğru seçenek duyurudaki talimatı veya bilgiyi değiştirmeden özetler.,Sadece video çekmek yasaktır.,Bu seçenek metindeki bilgiyle uyuşmuyor. Doğru seçenek duyurudaki talimatı veya bilgiyi değiştirmeden özetler.,Burada fotoğraf çekilmemelidir.,Doğru. Doğru seçenek duyurudaki talimatı veya bilgiyi değiştirmeden özetler.,Bölüm yalnızca fotoğrafçılar içindir.,Bu seçenek metindeki bilgiyle uyuşmuyor. Doğru seçenek duyurudaki talimatı veya bilgiyi değiştirmeden özetler.,C
B1LIFE120,B1,medium,reading,Notices & Signs,notice comprehension,"Duyuru: ""Paket teslimatı için kimlik göstermeniz gerekmektedir."" Bu duyurunun anlamı nedir?",Paket yalnızca hafta sonu alınabilir.,Bu seçenek metindeki bilgiyle uyuşmuyor. Doğru seçenek duyurudaki talimatı veya bilgiyi değiştirmeden özetler.,Kimlik yerine telefon yeterlidir.,Bu seçenek metindeki bilgiyle uyuşmuyor. Doğru seçenek duyurudaki talimatı veya bilgiyi değiştirmeden özetler.,Paket teslimatı iptal edilmiştir.,Bu seçenek metindeki bilgiyle uyuşmuyor. Doğru seçenek duyurudaki talimatı veya bilgiyi değiştirmeden özetler.,Paketi almak için kimlik gerekir.,Doğru. Doğru seçenek duyurudaki talimatı veya bilgiyi değiştirmeden özetler.,D
B1LIFE121,B1,medium,dialogue,Food & Services,service communication,Bir restoranda şu durum yaşanıyor: Müşteri çorbanın çok tuzlu olduğunu söyledi. En uygun davranış hangisidir?,Garsona durumu nazikçe açıklamak.,Doğru. Durumu çözmek için en doğrudan ve nazik adım garsona durumu nazikçe açıklamak olur.,Hiç açıklama yapmadan restorandan çıkmak.,Bu seçenek metindeki bilgiyle uyuşmuyor. Durumu çözmek için en doğrudan ve nazik adım garsona durumu nazikçe açıklamak olur.,Başka bir masanın siparişini almak.,Bu seçenek metindeki bilgiyle uyuşmuyor. Durumu çözmek için en doğrudan ve nazik adım garsona durumu nazikçe açıklamak olur.,Sorunla ilgisi olmayan bir konuda tartışmak.,Bu seçenek metindeki bilgiyle uyuşmuyor. Durumu çözmek için en doğrudan ve nazik adım garsona durumu nazikçe açıklamak olur.,A
B1LIFE122,B1,medium,dialogue,Food & Services,service communication,Bir restoranda şu durum yaşanıyor: Sipariş edilen içecek 20 dakika gelmedi. En uygun davranış hangisidir?,Hiç açıklama yapmadan restorandan çıkmak.,Bu seçenek metindeki bilgiyle uyuşmuyor. Durumu çözmek için en doğrudan ve nazik adım siparişin durumunu sormak olur.,Siparişin durumunu sormak.,Doğru. Durumu çözmek için en doğrudan ve nazik adım siparişin durumunu sormak olur.,Başka bir masanın siparişini almak.,Bu seçenek metindeki bilgiyle uyuşmuyor. Durumu çözmek için en doğrudan ve nazik adım siparişin durumunu sormak olur.,Sorunla ilgisi olmayan bir konuda tartışmak.,Bu seçenek metindeki bilgiyle uyuşmuyor. Durumu çözmek için en doğrudan ve nazik adım siparişin durumunu sormak olur.,B
B1LIFE123,B1,medium,dialogue,Food & Services,service communication,Bir restoranda şu durum yaşanıyor: Menüdeki bir yemekte fındık olup olmadığından emin değil. En uygun davranış hangisidir?,Hiç açıklama yapmadan restorandan çıkmak.,Bu seçenek metindeki bilgiyle uyuşmuyor. Durumu çözmek için en doğrudan ve nazik adım garsona içeriği sormak olur.,Başka bir masanın siparişini almak.,Bu seçenek metindeki bilgiyle uyuşmuyor. Durumu çözmek için en doğrudan ve nazik adım garsona içeriği sormak olur.,Garsona içeriği sormak.,Doğru. Durumu çözmek için en doğrudan ve nazik adım garsona içeriği sormak olur.,Sorunla ilgisi olmayan bir konuda tartışmak.,Bu seçenek metindeki bilgiyle uyuşmuyor. Durumu çözmek için en doğrudan ve nazik adım garsona içeriği sormak olur.,C
B1LIFE124,B1,medium,dialogue,Food & Services,service communication,Bir restoranda şu durum yaşanıyor: Hesapta sipariş etmediği bir ürün gördü. En uygun davranış hangisidir?,Hiç açıklama yapmadan restorandan çıkmak.,Bu seçenek metindeki bilgiyle uyuşmuyor. Durumu çözmek için en doğrudan ve nazik adım hesabı kontrol etmelerini istemek olur.,Başka bir masanın siparişini almak.,Bu seçenek metindeki bilgiyle uyuşmuyor. Durumu çözmek için en doğrudan ve nazik adım hesabı kontrol etmelerini istemek olur.,Sorunla ilgisi olmayan bir konuda tartışmak.,Bu seçenek metindeki bilgiyle uyuşmuyor. Durumu çözmek için en doğrudan ve nazik adım hesabı kontrol etmelerini istemek olur.,Hesabı kontrol etmelerini istemek.,Doğru. Durumu çözmek için en doğrudan ve nazik adım hesabı kontrol etmelerini istemek olur.,D
B1LIFE125,B1,medium,dialogue,Food & Services,service communication,Bir restoranda şu durum yaşanıyor: Rezervasyonunda pencere kenarı istemişti ama masa hazır değildi. En uygun davranış hangisidir?,Rezervasyon bilgisini personele göstermek.,Doğru. Durumu çözmek için en doğrudan ve nazik adım rezervasyon bilgisini personele göstermek olur.,Hiç açıklama yapmadan restorandan çıkmak.,Bu seçenek metindeki bilgiyle uyuşmuyor. Durumu çözmek için en doğrudan ve nazik adım rezervasyon bilgisini personele göstermek olur.,Başka bir masanın siparişini almak.,Bu seçenek metindeki bilgiyle uyuşmuyor. Durumu çözmek için en doğrudan ve nazik adım rezervasyon bilgisini personele göstermek olur.,Sorunla ilgisi olmayan bir konuda tartışmak.,Bu seçenek metindeki bilgiyle uyuşmuyor. Durumu çözmek için en doğrudan ve nazik adım rezervasyon bilgisini personele göstermek olur.,A
B1LIFE126,B1,medium,dialogue,Food & Services,service communication,Bir restoranda şu durum yaşanıyor: Kahvesini sütsüz istemişti ama sütlü geldi. En uygun davranış hangisidir?,Hiç açıklama yapmadan restorandan çıkmak.,Bu seçenek metindeki bilgiyle uyuşmuyor. Durumu çözmek için en doğrudan ve nazik adım içeceğin değiştirilmesini istemek olur.,Içeceğin değiştirilmesini istemek.,Doğru. Durumu çözmek için en doğrudan ve nazik adım içeceğin değiştirilmesini istemek olur.,Başka bir masanın siparişini almak.,Bu seçenek metindeki bilgiyle uyuşmuyor. Durumu çözmek için en doğrudan ve nazik adım içeceğin değiştirilmesini istemek olur.,Sorunla ilgisi olmayan bir konuda tartışmak.,Bu seçenek metindeki bilgiyle uyuşmuyor. Durumu çözmek için en doğrudan ve nazik adım içeceğin değiştirilmesini istemek olur.,B
B1LIFE127,B1,medium,dialogue,Food & Services,service communication,Bir restoranda şu durum yaşanıyor: Restoranda çok yoğunluk var ve sıra oluştu. En uygun davranış hangisidir?,Hiç açıklama yapmadan restorandan çıkmak.,Bu seçenek metindeki bilgiyle uyuşmuyor. Durumu çözmek için en doğrudan ve nazik adım bekleme süresini sormak olur.,Başka bir masanın siparişini almak.,Bu seçenek metindeki bilgiyle uyuşmuyor. Durumu çözmek için en doğrudan ve nazik adım bekleme süresini sormak olur.,Bekleme süresini sormak.,Doğru. Durumu çözmek için en doğrudan ve nazik adım bekleme süresini sormak olur.,Sorunla ilgisi olmayan bir konuda tartışmak.,Bu seçenek metindeki bilgiyle uyuşmuyor. Durumu çözmek için en doğrudan ve nazik adım bekleme süresini sormak olur.,C
B1LIFE128,B1,medium,dialogue,Food & Services,service communication,Bir restoranda şu durum yaşanıyor: Paket siparişinde bir ürün eksik geldi. En uygun davranış hangisidir?,Hiç açıklama yapmadan restorandan çıkmak.,Bu seçenek metindeki bilgiyle uyuşmuyor. Durumu çözmek için en doğrudan ve nazik adım restoranla iletişime geçip eksik ürünü bildirmek olur.,Başka bir masanın siparişini almak.,Bu seçenek metindeki bilgiyle uyuşmuyor. Durumu çözmek için en doğrudan ve nazik adım restoranla iletişime geçip eksik ürünü bildirmek olur.,Sorunla ilgisi olmayan bir konuda tartışmak.,Bu seçenek metindeki bilgiyle uyuşmuyor. Durumu çözmek için en doğrudan ve nazik adım restoranla iletişime geçip eksik ürünü bildirmek olur.,Restoranla iletişime geçip eksik ürünü bildirmek.,Doğru. Durumu çözmek için en doğrudan ve nazik adım restoranla iletişime geçip eksik ürünü bildirmek olur.,D
B1LIFE129,B1,medium,dialogue,Food & Services,service communication,Bir restoranda şu durum yaşanıyor: Yemek soğuk geldi. En uygun davranış hangisidir?,Garsona yemeğin soğuk olduğunu söylemek.,Doğru. Durumu çözmek için en doğrudan ve nazik adım garsona yemeğin soğuk olduğunu söylemek olur.,Hiç açıklama yapmadan restorandan çıkmak.,Bu seçenek metindeki bilgiyle uyuşmuyor. Durumu çözmek için en doğrudan ve nazik adım garsona yemeğin soğuk olduğunu söylemek olur.,Başka bir masanın siparişini almak.,Bu seçenek metindeki bilgiyle uyuşmuyor. Durumu çözmek için en doğrudan ve nazik adım garsona yemeğin soğuk olduğunu söylemek olur.,Sorunla ilgisi olmayan bir konuda tartışmak.,Bu seçenek metindeki bilgiyle uyuşmuyor. Durumu çözmek için en doğrudan ve nazik adım garsona yemeğin soğuk olduğunu söylemek olur.,A
B1LIFE130,B1,medium,dialogue,Food & Services,service communication,Bir restoranda şu durum yaşanıyor: Arkadaşı vegan ve uygun yemek arıyor. En uygun davranış hangisidir?,Hiç açıklama yapmadan restorandan çıkmak.,Bu seçenek metindeki bilgiyle uyuşmuyor. Durumu çözmek için en doğrudan ve nazik adım menüde vegan seçenek olup olmadığını sormak olur.,Menüde vegan seçenek olup olmadığını sormak.,Doğru. Durumu çözmek için en doğrudan ve nazik adım menüde vegan seçenek olup olmadığını sormak olur.,Başka bir masanın siparişini almak.,Bu seçenek metindeki bilgiyle uyuşmuyor. Durumu çözmek için en doğrudan ve nazik adım menüde vegan seçenek olup olmadığını sormak olur.,Sorunla ilgisi olmayan bir konuda tartışmak.,Bu seçenek metindeki bilgiyle uyuşmuyor. Durumu çözmek için en doğrudan ve nazik adım menüde vegan seçenek olup olmadığını sormak olur.,B
B1LIFE131,B1,medium,inference,Orders & Delivery,practical action,Online siparişte şu durum görülüyor: Kargo takip sayfasında 'teslimat adresinde kimse bulunamadı' yazıyor. En uygun sonraki adım nedir?,Hiçbir şey yapmadan birkaç ay beklemek.,Bu seçenek metindeki bilgiyle uyuşmuyor. Verilen duruma doğrudan cevap veren adım yeniden teslimat veya şubeden teslim seçeneklerini kontrol etmek olur.,Yeni ve ilgisiz bir sipariş vermek.,Bu seçenek metindeki bilgiyle uyuşmuyor. Verilen duruma doğrudan cevap veren adım yeniden teslimat veya şubeden teslim seçeneklerini kontrol etmek olur.,Yeniden teslimat veya şubeden teslim seçeneklerini kontrol etmek.,Doğru. Verilen duruma doğrudan cevap veren adım yeniden teslimat veya şubeden teslim seçeneklerini kontrol etmek olur.,Takip bilgisini tamamen silmek.,Bu seçenek metindeki bilgiyle uyuşmuyor. Verilen duruma doğrudan cevap veren adım yeniden teslimat veya şubeden teslim seçeneklerini kontrol etmek olur.,C
B1LIFE132,B1,medium,inference,Orders & Delivery,practical action,Online siparişte şu durum görülüyor: Sipariş 'teslim edildi' görünüyor ama paket kapıda yok. En uygun sonraki adım nedir?,Hiçbir şey yapmadan birkaç ay beklemek.,Bu seçenek metindeki bilgiyle uyuşmuyor. Verilen duruma doğrudan cevap veren adım kargo firmasıyla iletişime geçmek olur.,Yeni ve ilgisiz bir sipariş vermek.,Bu seçenek metindeki bilgiyle uyuşmuyor. Verilen duruma doğrudan cevap veren adım kargo firmasıyla iletişime geçmek olur.,Takip bilgisini tamamen silmek.,Bu seçenek metindeki bilgiyle uyuşmuyor. Verilen duruma doğrudan cevap veren adım kargo firmasıyla iletişime geçmek olur.,Kargo firmasıyla iletişime geçmek.,Doğru. Verilen duruma doğrudan cevap veren adım kargo firmasıyla iletişime geçmek olur.,D
B1LIFE133,B1,medium,inference,Orders & Delivery,practical action,Online siparişte şu durum görülüyor: Tahmini teslim tarihi iki gün geçmiş. En uygun sonraki adım nedir?,Takip bilgisini kontrol edip gerekirse satıcıya yazmak.,Doğru. Verilen duruma doğrudan cevap veren adım takip bilgisini kontrol edip gerekirse satıcıya yazmak olur.,Hiçbir şey yapmadan birkaç ay beklemek.,Bu seçenek metindeki bilgiyle uyuşmuyor. Verilen duruma doğrudan cevap veren adım takip bilgisini kontrol edip gerekirse satıcıya yazmak olur.,Yeni ve ilgisiz bir sipariş vermek.,Bu seçenek metindeki bilgiyle uyuşmuyor. Verilen duruma doğrudan cevap veren adım takip bilgisini kontrol edip gerekirse satıcıya yazmak olur.,Takip bilgisini tamamen silmek.,Bu seçenek metindeki bilgiyle uyuşmuyor. Verilen duruma doğrudan cevap veren adım takip bilgisini kontrol edip gerekirse satıcıya yazmak olur.,A
B1LIFE134,B1,medium,inference,Orders & Delivery,practical action,Online siparişte şu durum görülüyor: Paketin dışı ciddi şekilde hasarlı. En uygun sonraki adım nedir?,Hiçbir şey yapmadan birkaç ay beklemek.,Bu seçenek metindeki bilgiyle uyuşmuyor. Verilen duruma doğrudan cevap veren adım teslim alırken durumu kaydetmek ve satıcıya bildirmek olur.,Teslim alırken durumu kaydetmek ve satıcıya bildirmek.,Doğru. Verilen duruma doğrudan cevap veren adım teslim alırken durumu kaydetmek ve satıcıya bildirmek olur.,Yeni ve ilgisiz bir sipariş vermek.,Bu seçenek metindeki bilgiyle uyuşmuyor. Verilen duruma doğrudan cevap veren adım teslim alırken durumu kaydetmek ve satıcıya bildirmek olur.,Takip bilgisini tamamen silmek.,Bu seçenek metindeki bilgiyle uyuşmuyor. Verilen duruma doğrudan cevap veren adım teslim alırken durumu kaydetmek ve satıcıya bildirmek olur.,B
B1LIFE135,B1,medium,inference,Orders & Delivery,practical action,Online siparişte şu durum görülüyor: Yanlış ürün gönderilmiş. En uygun sonraki adım nedir?,Hiçbir şey yapmadan birkaç ay beklemek.,Bu seçenek metindeki bilgiyle uyuşmuyor. Verilen duruma doğrudan cevap veren adım sipariş bilgisiyle birlikte değişim talebi oluşturmak olur.,Yeni ve ilgisiz bir sipariş vermek.,Bu seçenek metindeki bilgiyle uyuşmuyor. Verilen duruma doğrudan cevap veren adım sipariş bilgisiyle birlikte değişim talebi oluşturmak olur.,Sipariş bilgisiyle birlikte değişim talebi oluşturmak.,Doğru. Verilen duruma doğrudan cevap veren adım sipariş bilgisiyle birlikte değişim talebi oluşturmak olur.,Takip bilgisini tamamen silmek.,Bu seçenek metindeki bilgiyle uyuşmuyor. Verilen duruma doğrudan cevap veren adım sipariş bilgisiyle birlikte değişim talebi oluşturmak olur.,C
B1LIFE136,B1,medium,inference,Orders & Delivery,practical action,Online siparişte şu durum görülüyor: Paket şubede bekliyor ve son teslim alma günü yarın. En uygun sonraki adım nedir?,Hiçbir şey yapmadan birkaç ay beklemek.,Bu seçenek metindeki bilgiyle uyuşmuyor. Verilen duruma doğrudan cevap veren adım paketi yarın bitmeden şubeden almak olur.,Yeni ve ilgisiz bir sipariş vermek.,Bu seçenek metindeki bilgiyle uyuşmuyor. Verilen duruma doğrudan cevap veren adım paketi yarın bitmeden şubeden almak olur.,Takip bilgisini tamamen silmek.,Bu seçenek metindeki bilgiyle uyuşmuyor. Verilen duruma doğrudan cevap veren adım paketi yarın bitmeden şubeden almak olur.,Paketi yarın bitmeden şubeden almak.,Doğru. Verilen duruma doğrudan cevap veren adım paketi yarın bitmeden şubeden almak olur.,D
B1LIFE137,B1,medium,inference,Orders & Delivery,practical action,Online siparişte şu durum görülüyor: Adresin daire numarası eksik girilmiş. En uygun sonraki adım nedir?,Adres bilgisini mümkünse hemen güncellemek.,Doğru. Verilen duruma doğrudan cevap veren adım adres bilgisini mümkünse hemen güncellemek olur.,Hiçbir şey yapmadan birkaç ay beklemek.,Bu seçenek metindeki bilgiyle uyuşmuyor. Verilen duruma doğrudan cevap veren adım adres bilgisini mümkünse hemen güncellemek olur.,Yeni ve ilgisiz bir sipariş vermek.,Bu seçenek metindeki bilgiyle uyuşmuyor. Verilen duruma doğrudan cevap veren adım adres bilgisini mümkünse hemen güncellemek olur.,Takip bilgisini tamamen silmek.,Bu seçenek metindeki bilgiyle uyuşmuyor. Verilen duruma doğrudan cevap veren adım adres bilgisini mümkünse hemen güncellemek olur.,A
B1LIFE138,B1,medium,inference,Orders & Delivery,practical action,Online siparişte şu durum görülüyor: Sipariş henüz hazırlanıyor ve müşteri adres değiştirmek istiyor. En uygun sonraki adım nedir?,Hiçbir şey yapmadan birkaç ay beklemek.,Bu seçenek metindeki bilgiyle uyuşmuyor. Verilen duruma doğrudan cevap veren adım kargoya verilmeden önce satıcıyla iletişime geçmek olur.,Kargoya verilmeden önce satıcıyla iletişime geçmek.,Doğru. Verilen duruma doğrudan cevap veren adım kargoya verilmeden önce satıcıyla iletişime geçmek olur.,Yeni ve ilgisiz bir sipariş vermek.,Bu seçenek metindeki bilgiyle uyuşmuyor. Verilen duruma doğrudan cevap veren adım kargoya verilmeden önce satıcıyla iletişime geçmek olur.,Takip bilgisini tamamen silmek.,Bu seçenek metindeki bilgiyle uyuşmuyor. Verilen duruma doğrudan cevap veren adım kargoya verilmeden önce satıcıyla iletişime geçmek olur.,B
B1LIFE139,B1,medium,inference,Orders & Delivery,practical action,Online siparişte şu durum görülüyor: İade kargosu satıcıya ulaşmış ama para henüz gelmemiş. En uygun sonraki adım nedir?,Hiçbir şey yapmadan birkaç ay beklemek.,Bu seçenek metindeki bilgiyle uyuşmuyor. Verilen duruma doğrudan cevap veren adım iade sürecinin durumunu kontrol etmek olur.,Yeni ve ilgisiz bir sipariş vermek.,Bu seçenek metindeki bilgiyle uyuşmuyor. Verilen duruma doğrudan cevap veren adım iade sürecinin durumunu kontrol etmek olur.,Iade sürecinin durumunu kontrol etmek.,Doğru. Verilen duruma doğrudan cevap veren adım iade sürecinin durumunu kontrol etmek olur.,Takip bilgisini tamamen silmek.,Bu seçenek metindeki bilgiyle uyuşmuyor. Verilen duruma doğrudan cevap veren adım iade sürecinin durumunu kontrol etmek olur.,C
B1LIFE140,B1,medium,inference,Orders & Delivery,practical action,Online siparişte şu durum görülüyor: Aynı sipariş iki kez oluşturulmuş. En uygun sonraki adım nedir?,Hiçbir şey yapmadan birkaç ay beklemek.,Bu seçenek metindeki bilgiyle uyuşmuyor. Verilen duruma doğrudan cevap veren adım fazla olan siparişi mümkünse iptal etmek olur.,Yeni ve ilgisiz bir sipariş vermek.,Bu seçenek metindeki bilgiyle uyuşmuyor. Verilen duruma doğrudan cevap veren adım fazla olan siparişi mümkünse iptal etmek olur.,Takip bilgisini tamamen silmek.,Bu seçenek metindeki bilgiyle uyuşmuyor. Verilen duruma doğrudan cevap veren adım fazla olan siparişi mümkünse iptal etmek olur.,Fazla olan siparişi mümkünse iptal etmek.,Doğru. Verilen duruma doğrudan cevap veren adım fazla olan siparişi mümkünse iptal etmek olur.,D
B1LIFE141,B1,medium,inference,Everyday Inference,contrast,Murat çok yorgundu ama raporu o akşam bitirdi. Bu cümleden hangi sonuç çıkarılabilir?,Yorgun olmasına rağmen işi tamamladı.,Doğru. ‘Ama/fakat/ancak’ yapısı bir zorluğa rağmen eylemin gerçekleştiğini gösteriyor.,İlk sorun nedeniyle hiçbir şey yapmadı.,Bu seçenek metindeki bilgiyle uyuşmuyor. ‘Ama/fakat/ancak’ yapısı bir zorluğa rağmen eylemin gerçekleştiğini gösteriyor.,Planını tamamen iptal etti.,Bu seçenek metindeki bilgiyle uyuşmuyor. ‘Ama/fakat/ancak’ yapısı bir zorluğa rağmen eylemin gerçekleştiğini gösteriyor.,Cümlede sonuç hakkında hiçbir bilgi yoktur.,Bu seçenek metindeki bilgiyle uyuşmuyor. ‘Ama/fakat/ancak’ yapısı bir zorluğa rağmen eylemin gerçekleştiğini gösteriyor.,A
B1LIFE142,B1,medium,inference,Everyday Inference,contrast,Sibel yağmur yağıyordu fakat yürüyerek eve döndü. Bu cümleden hangi sonuç çıkarılabilir?,İlk sorun nedeniyle hiçbir şey yapmadı.,Bu seçenek metindeki bilgiyle uyuşmuyor. ‘Ama/fakat/ancak’ yapısı bir zorluğa rağmen eylemin gerçekleştiğini gösteriyor.,Yağmura rağmen yürümeyi seçti.,Doğru. ‘Ama/fakat/ancak’ yapısı bir zorluğa rağmen eylemin gerçekleştiğini gösteriyor.,Planını tamamen iptal etti.,Bu seçenek metindeki bilgiyle uyuşmuyor. ‘Ama/fakat/ancak’ yapısı bir zorluğa rağmen eylemin gerçekleştiğini gösteriyor.,Cümlede sonuç hakkında hiçbir bilgi yoktur.,Bu seçenek metindeki bilgiyle uyuşmuyor. ‘Ama/fakat/ancak’ yapısı bir zorluğa rağmen eylemin gerçekleştiğini gösteriyor.,B
B1LIFE143,B1,medium,inference,Everyday Inference,contrast,Ali fiyatı yüksek buldu ama ürünü uzun süredir aradığı için satın aldı. Bu cümleden hangi sonuç çıkarılabilir?,İlk sorun nedeniyle hiçbir şey yapmadı.,Bu seçenek metindeki bilgiyle uyuşmuyor. ‘Ama/fakat/ancak’ yapısı bir zorluğa rağmen eylemin gerçekleştiğini gösteriyor.,Planını tamamen iptal etti.,Bu seçenek metindeki bilgiyle uyuşmuyor. ‘Ama/fakat/ancak’ yapısı bir zorluğa rağmen eylemin gerçekleştiğini gösteriyor.,Fiyat yüksek olsa da ürünü aldı.,Doğru. ‘Ama/fakat/ancak’ yapısı bir zorluğa rağmen eylemin gerçekleştiğini gösteriyor.,Cümlede sonuç hakkında hiçbir bilgi yoktur.,Bu seçenek metindeki bilgiyle uyuşmuyor. ‘Ama/fakat/ancak’ yapısı bir zorluğa rağmen eylemin gerçekleştiğini gösteriyor.,C
B1LIFE144,B1,medium,inference,Everyday Inference,contrast,Dilan sınavdan önce heyecanlıydı ancak soruları dikkatle çözdü. Bu cümleden hangi sonuç çıkarılabilir?,İlk sorun nedeniyle hiçbir şey yapmadı.,Bu seçenek metindeki bilgiyle uyuşmuyor. ‘Ama/fakat/ancak’ yapısı bir zorluğa rağmen eylemin gerçekleştiğini gösteriyor.,Planını tamamen iptal etti.,Bu seçenek metindeki bilgiyle uyuşmuyor. ‘Ama/fakat/ancak’ yapısı bir zorluğa rağmen eylemin gerçekleştiğini gösteriyor.,Cümlede sonuç hakkında hiçbir bilgi yoktur.,Bu seçenek metindeki bilgiyle uyuşmuyor. ‘Ama/fakat/ancak’ yapısı bir zorluğa rağmen eylemin gerçekleştiğini gösteriyor.,Heyecanına rağmen dikkatini korudu.,Doğru. ‘Ama/fakat/ancak’ yapısı bir zorluğa rağmen eylemin gerçekleştiğini gösteriyor.,D
B1LIFE145,B1,medium,inference,Everyday Inference,contrast,Serkan yol uzundu fakat mola vererek yolculuğu tamamladı. Bu cümleden hangi sonuç çıkarılabilir?,Uzun yola rağmen yolculuğu bitirdi.,Doğru. ‘Ama/fakat/ancak’ yapısı bir zorluğa rağmen eylemin gerçekleştiğini gösteriyor.,İlk sorun nedeniyle hiçbir şey yapmadı.,Bu seçenek metindeki bilgiyle uyuşmuyor. ‘Ama/fakat/ancak’ yapısı bir zorluğa rağmen eylemin gerçekleştiğini gösteriyor.,Planını tamamen iptal etti.,Bu seçenek metindeki bilgiyle uyuşmuyor. ‘Ama/fakat/ancak’ yapısı bir zorluğa rağmen eylemin gerçekleştiğini gösteriyor.,Cümlede sonuç hakkında hiçbir bilgi yoktur.,Bu seçenek metindeki bilgiyle uyuşmuyor. ‘Ama/fakat/ancak’ yapısı bir zorluğa rağmen eylemin gerçekleştiğini gösteriyor.,A
B1LIFE146,B1,medium,inference,Everyday Inference,contrast,Aylin toplantı zordu ama fikrini açıkça anlattı. Bu cümleden hangi sonuç çıkarılabilir?,İlk sorun nedeniyle hiçbir şey yapmadı.,Bu seçenek metindeki bilgiyle uyuşmuyor. ‘Ama/fakat/ancak’ yapısı bir zorluğa rağmen eylemin gerçekleştiğini gösteriyor.,Zor toplantıda da düşüncesini ifade etti.,Doğru. ‘Ama/fakat/ancak’ yapısı bir zorluğa rağmen eylemin gerçekleştiğini gösteriyor.,Planını tamamen iptal etti.,Bu seçenek metindeki bilgiyle uyuşmuyor. ‘Ama/fakat/ancak’ yapısı bir zorluğa rağmen eylemin gerçekleştiğini gösteriyor.,Cümlede sonuç hakkında hiçbir bilgi yoktur.,Bu seçenek metindeki bilgiyle uyuşmuyor. ‘Ama/fakat/ancak’ yapısı bir zorluğa rağmen eylemin gerçekleştiğini gösteriyor.,B
B1LIFE147,B1,medium,inference,Everyday Inference,contrast,Efe uykusuzdu fakat sabah dersine zamanında geldi. Bu cümleden hangi sonuç çıkarılabilir?,İlk sorun nedeniyle hiçbir şey yapmadı.,Bu seçenek metindeki bilgiyle uyuşmuyor. ‘Ama/fakat/ancak’ yapısı bir zorluğa rağmen eylemin gerçekleştiğini gösteriyor.,Planını tamamen iptal etti.,Bu seçenek metindeki bilgiyle uyuşmuyor. ‘Ama/fakat/ancak’ yapısı bir zorluğa rağmen eylemin gerçekleştiğini gösteriyor.,Uykusuz olmasına rağmen derse geç kalmadı.,Doğru. ‘Ama/fakat/ancak’ yapısı bir zorluğa rağmen eylemin gerçekleştiğini gösteriyor.,Cümlede sonuç hakkında hiçbir bilgi yoktur.,Bu seçenek metindeki bilgiyle uyuşmuyor. ‘Ama/fakat/ancak’ yapısı bir zorluğa rağmen eylemin gerçekleştiğini gösteriyor.,C
B1LIFE148,B1,medium,inference,Everyday Inference,contrast,Meltem restoran kalabalıktı ama masa bulana kadar bekledi. Bu cümleden hangi sonuç çıkarılabilir?,İlk sorun nedeniyle hiçbir şey yapmadı.,Bu seçenek metindeki bilgiyle uyuşmuyor. ‘Ama/fakat/ancak’ yapısı bir zorluğa rağmen eylemin gerçekleştiğini gösteriyor.,Planını tamamen iptal etti.,Bu seçenek metindeki bilgiyle uyuşmuyor. ‘Ama/fakat/ancak’ yapısı bir zorluğa rağmen eylemin gerçekleştiğini gösteriyor.,Cümlede sonuç hakkında hiçbir bilgi yoktur.,Bu seçenek metindeki bilgiyle uyuşmuyor. ‘Ama/fakat/ancak’ yapısı bir zorluğa rağmen eylemin gerçekleştiğini gösteriyor.,Kalabalığa rağmen beklemeyi seçti.,Doğru. ‘Ama/fakat/ancak’ yapısı bir zorluğa rağmen eylemin gerçekleştiğini gösteriyor.,D
B1LIFE149,B1,medium,inference,Everyday Inference,contrast,Koray bilgisayarı yavaştı fakat dosyayı zamanında gönderdi. Bu cümleden hangi sonuç çıkarılabilir?,Teknik soruna rağmen işi yetiştirdi.,Doğru. ‘Ama/fakat/ancak’ yapısı bir zorluğa rağmen eylemin gerçekleştiğini gösteriyor.,İlk sorun nedeniyle hiçbir şey yapmadı.,Bu seçenek metindeki bilgiyle uyuşmuyor. ‘Ama/fakat/ancak’ yapısı bir zorluğa rağmen eylemin gerçekleştiğini gösteriyor.,Planını tamamen iptal etti.,Bu seçenek metindeki bilgiyle uyuşmuyor. ‘Ama/fakat/ancak’ yapısı bir zorluğa rağmen eylemin gerçekleştiğini gösteriyor.,Cümlede sonuç hakkında hiçbir bilgi yoktur.,Bu seçenek metindeki bilgiyle uyuşmuyor. ‘Ama/fakat/ancak’ yapısı bir zorluğa rağmen eylemin gerçekleştiğini gösteriyor.,A
B1LIFE150,B1,medium,inference,Everyday Inference,contrast,Sevgi hava soğuktu ama kısa bir yürüyüş yaptı. Bu cümleden hangi sonuç çıkarılabilir?,İlk sorun nedeniyle hiçbir şey yapmadı.,Bu seçenek metindeki bilgiyle uyuşmuyor. ‘Ama/fakat/ancak’ yapısı bir zorluğa rağmen eylemin gerçekleştiğini gösteriyor.,Soğuğa rağmen dışarı çıktı.,Doğru. ‘Ama/fakat/ancak’ yapısı bir zorluğa rağmen eylemin gerçekleştiğini gösteriyor.,Planını tamamen iptal etti.,Bu seçenek metindeki bilgiyle uyuşmuyor. ‘Ama/fakat/ancak’ yapısı bir zorluğa rağmen eylemin gerçekleştiğini gösteriyor.,Cümlede sonuç hakkında hiçbir bilgi yoktur.,Bu seçenek metindeki bilgiyle uyuşmuyor. ‘Ama/fakat/ancak’ yapısı bir zorluğa rağmen eylemin gerçekleştiğini gösteriyor.,B
B1LIFE151,B1,medium,vocabulary,Vocabulary in Context,sürdü,"""Toplantı beklediğimizden uzun sürdü, bu yüzden sonraki randevuya yetişemedik."" Bu cümlede ""sürdü"" sözcüğü hangi anlama en yakındır?",Tam tersi bir anlam taşır.,Bu seçenek metindeki bilgiyle uyuşmuyor. Cümlenin bağlamında 'sürdü' ifadesi 'devam etti' anlamına geliyor.,Cümlede zaman bildiren bir sözcüktür.,Bu seçenek metindeki bilgiyle uyuşmuyor. Cümlenin bağlamında 'sürdü' ifadesi 'devam etti' anlamına geliyor.,Devam etti.,Doğru. Cümlenin bağlamında 'sürdü' ifadesi 'devam etti' anlamına geliyor.,Burada kişi adı olarak kullanılmıştır.,Bu seçenek metindeki bilgiyle uyuşmuyor. Cümlenin bağlamında 'sürdü' ifadesi 'devam etti' anlamına geliyor.,C
B1LIFE152,B1,medium,vocabulary,Vocabulary in Context,kolaylaştırdı,"""Yeni sistem çalışanların işini oldukça kolaylaştırdı."" Bu cümlede ""kolaylaştırdı"" sözcüğü hangi anlama en yakındır?",Tam tersi bir anlam taşır.,Bu seçenek metindeki bilgiyle uyuşmuyor. Cümlenin bağlamında 'kolaylaştırdı' ifadesi 'daha kolay hâle getirdi' anlamına geliyor.,Cümlede zaman bildiren bir sözcüktür.,Bu seçenek metindeki bilgiyle uyuşmuyor. Cümlenin bağlamında 'kolaylaştırdı' ifadesi 'daha kolay hâle getirdi' anlamına geliyor.,Burada kişi adı olarak kullanılmıştır.,Bu seçenek metindeki bilgiyle uyuşmuyor. Cümlenin bağlamında 'kolaylaştırdı' ifadesi 'daha kolay hâle getirdi' anlamına geliyor.,Daha kolay hâle getirdi.,Doğru. Cümlenin bağlamında 'kolaylaştırdı' ifadesi 'daha kolay hâle getirdi' anlamına geliyor.,D
B1LIFE153,B1,medium,vocabulary,Vocabulary in Context,ayrıntılı,"""Müşteri şikâyetini ayrıntılı biçimde açıkladı."" Bu cümlede ""ayrıntılı"" sözcüğü hangi anlama en yakındır?",Detaylı.,Doğru. Cümlenin bağlamında 'ayrıntılı' ifadesi 'detaylı' anlamına geliyor.,Tam tersi bir anlam taşır.,Bu seçenek metindeki bilgiyle uyuşmuyor. Cümlenin bağlamında 'ayrıntılı' ifadesi 'detaylı' anlamına geliyor.,Cümlede zaman bildiren bir sözcüktür.,Bu seçenek metindeki bilgiyle uyuşmuyor. Cümlenin bağlamında 'ayrıntılı' ifadesi 'detaylı' anlamına geliyor.,Burada kişi adı olarak kullanılmıştır.,Bu seçenek metindeki bilgiyle uyuşmuyor. Cümlenin bağlamında 'ayrıntılı' ifadesi 'detaylı' anlamına geliyor.,A
B1LIFE154,B1,medium,vocabulary,Vocabulary in Context,bütçe,"""Bu ay bütçemizi dikkatli kullanmamız gerekiyor."" Bu cümlede ""bütçe"" sözcüğü hangi anlama en yakındır?",Tam tersi bir anlam taşır.,Bu seçenek metindeki bilgiyle uyuşmuyor. Cümlenin bağlamında 'bütçe' ifadesi 'harcanabilecek para planı' anlamına geliyor.,Harcanabilecek para planı.,Doğru. Cümlenin bağlamında 'bütçe' ifadesi 'harcanabilecek para planı' anlamına geliyor.,Cümlede zaman bildiren bir sözcüktür.,Bu seçenek metindeki bilgiyle uyuşmuyor. Cümlenin bağlamında 'bütçe' ifadesi 'harcanabilecek para planı' anlamına geliyor.,Burada kişi adı olarak kullanılmıştır.,Bu seçenek metindeki bilgiyle uyuşmuyor. Cümlenin bağlamında 'bütçe' ifadesi 'harcanabilecek para planı' anlamına geliyor.,B
B1LIFE155,B1,medium,vocabulary,Vocabulary in Context,yoğun,"""Yoğun trafik nedeniyle yolculuk normalden uzun sürdü."" Bu cümlede ""yoğun"" sözcüğü hangi anlama en yakındır?",Tam tersi bir anlam taşır.,Bu seçenek metindeki bilgiyle uyuşmuyor. Cümlenin bağlamında 'yoğun' ifadesi 'çok fazla ve sıkışık' anlamına geliyor.,Cümlede zaman bildiren bir sözcüktür.,Bu seçenek metindeki bilgiyle uyuşmuyor. Cümlenin bağlamında 'yoğun' ifadesi 'çok fazla ve sıkışık' anlamına geliyor.,Çok fazla ve sıkışık.,Doğru. Cümlenin bağlamında 'yoğun' ifadesi 'çok fazla ve sıkışık' anlamına geliyor.,Burada kişi adı olarak kullanılmıştır.,Bu seçenek metindeki bilgiyle uyuşmuyor. Cümlenin bağlamında 'yoğun' ifadesi 'çok fazla ve sıkışık' anlamına geliyor.,C
B1LIFE156,B1,medium,vocabulary,Vocabulary in Context,eksik,"""Yönetici rapordaki eksik bilgileri tamamlamamızı istedi."" Bu cümlede ""eksik"" sözcüğü hangi anlama en yakındır?",Tam tersi bir anlam taşır.,Bu seçenek metindeki bilgiyle uyuşmuyor. Cümlenin bağlamında 'eksik' ifadesi 'tam olmayan' anlamına geliyor.,Cümlede zaman bildiren bir sözcüktür.,Bu seçenek metindeki bilgiyle uyuşmuyor. Cümlenin bağlamında 'eksik' ifadesi 'tam olmayan' anlamına geliyor.,Burada kişi adı olarak kullanılmıştır.,Bu seçenek metindeki bilgiyle uyuşmuyor. Cümlenin bağlamında 'eksik' ifadesi 'tam olmayan' anlamına geliyor.,Tam olmayan.,Doğru. Cümlenin bağlamında 'eksik' ifadesi 'tam olmayan' anlamına geliyor.,D
B1LIFE157,B1,medium,vocabulary,Vocabulary in Context,alışmak,"""Yeni uygulamaya alışmak birkaç gün sürdü."" Bu cümlede ""alışmak"" sözcüğü hangi anlama en yakındır?",Yeni durumu normal karşılamaya başlamak.,Doğru. Cümlenin bağlamında 'alışmak' ifadesi 'yeni durumu normal karşılamaya başlamak' anlamına geliyor.,Tam tersi bir anlam taşır.,Bu seçenek metindeki bilgiyle uyuşmuyor. Cümlenin bağlamında 'alışmak' ifadesi 'yeni durumu normal karşılamaya başlamak' anlamına geliyor.,Cümlede zaman bildiren bir sözcüktür.,Bu seçenek metindeki bilgiyle uyuşmuyor. Cümlenin bağlamında 'alışmak' ifadesi 'yeni durumu normal karşılamaya başlamak' anlamına geliyor.,Burada kişi adı olarak kullanılmıştır.,Bu seçenek metindeki bilgiyle uyuşmuyor. Cümlenin bağlamında 'alışmak' ifadesi 'yeni durumu normal karşılamaya başlamak' anlamına geliyor.,A
B1LIFE158,B1,medium,vocabulary,Vocabulary in Context,içerik,"""Kursun içeriği günlük konuşma üzerine yoğunlaşıyor."" Bu cümlede ""içerik"" sözcüğü hangi anlama en yakındır?",Tam tersi bir anlam taşır.,Bu seçenek metindeki bilgiyle uyuşmuyor. Cümlenin bağlamında 'içerik' ifadesi 'bir programda ele alınan konular' anlamına geliyor.,Bir programda ele alınan konular.,Doğru. Cümlenin bağlamında 'içerik' ifadesi 'bir programda ele alınan konular' anlamına geliyor.,Cümlede zaman bildiren bir sözcüktür.,Bu seçenek metindeki bilgiyle uyuşmuyor. Cümlenin bağlamında 'içerik' ifadesi 'bir programda ele alınan konular' anlamına geliyor.,Burada kişi adı olarak kullanılmıştır.,Bu seçenek metindeki bilgiyle uyuşmuyor. Cümlenin bağlamında 'içerik' ifadesi 'bir programda ele alınan konular' anlamına geliyor.,B
B1LIFE159,B1,medium,vocabulary,Vocabulary in Context,destek,"""Bu işi tek başına yapmak yerine ekipten destek istedi."" Bu cümlede ""destek"" sözcüğü hangi anlama en yakındır?",Tam tersi bir anlam taşır.,Bu seçenek metindeki bilgiyle uyuşmuyor. Cümlenin bağlamında 'destek' ifadesi 'yardım' anlamına geliyor.,Cümlede zaman bildiren bir sözcüktür.,Bu seçenek metindeki bilgiyle uyuşmuyor. Cümlenin bağlamında 'destek' ifadesi 'yardım' anlamına geliyor.,Yardım.,Doğru. Cümlenin bağlamında 'destek' ifadesi 'yardım' anlamına geliyor.,Burada kişi adı olarak kullanılmıştır.,Bu seçenek metindeki bilgiyle uyuşmuyor. Cümlenin bağlamında 'destek' ifadesi 'yardım' anlamına geliyor.,C
B1LIFE160,B1,medium,vocabulary,Vocabulary in Context,değerlendirdi,"""Şirket müşteri geri bildirimlerini değerlendirdi."" Bu cümlede ""değerlendirdi"" sözcüğü hangi anlama en yakındır?",Tam tersi bir anlam taşır.,Bu seçenek metindeki bilgiyle uyuşmuyor. Cümlenin bağlamında 'değerlendirdi' ifadesi 'inceleyip bir sonuca vardı' anlamına geliyor.,Cümlede zaman bildiren bir sözcüktür.,Bu seçenek metindeki bilgiyle uyuşmuyor. Cümlenin bağlamında 'değerlendirdi' ifadesi 'inceleyip bir sonuca vardı' anlamına geliyor.,Burada kişi adı olarak kullanılmıştır.,Bu seçenek metindeki bilgiyle uyuşmuyor. Cümlenin bağlamında 'değerlendirdi' ifadesi 'inceleyip bir sonuca vardı' anlamına geliyor.,Inceleyip bir sonuca vardı.,Doğru. Cümlenin bağlamında 'değerlendirdi' ifadesi 'inceleyip bir sonuca vardı' anlamına geliyor.,D
B1LIFE161,B1,medium,grammar,Grammar in Context,Sonuç ilişkisi,"Cümleyi en uygun bağlaçla tamamlayın: Yarın erken kalkmam gerekiyor, ___ bu gece geç yatmayacağım.",Bu yüzden.,Doğru. İki bölüm arasındaki anlam ilişkisine göre en uygun bağlaç 'bu yüzden' olur.,Ama.,Bu seçenek metindeki bilgiyle uyuşmuyor. İki bölüm arasındaki anlam ilişkisine göre en uygun bağlaç 'bu yüzden' olur.,Oysa.,Bu seçenek metindeki bilgiyle uyuşmuyor. İki bölüm arasındaki anlam ilişkisine göre en uygun bağlaç 'bu yüzden' olur.,Rağmen.,Bu seçenek metindeki bilgiyle uyuşmuyor. İki bölüm arasındaki anlam ilişkisine göre en uygun bağlaç 'bu yüzden' olur.,A
B1LIFE162,B1,medium,grammar,Grammar in Context,Sonuç ilişkisi,"Cümleyi en uygun bağlaçla tamamlayın: Otobüsü kaçırdım, ___ toplantıya taksiyle gittim.",Çünkü.,Bu seçenek metindeki bilgiyle uyuşmuyor. İki bölüm arasındaki anlam ilişkisine göre en uygun bağlaç 'bu yüzden' olur.,Bu yüzden.,Doğru. İki bölüm arasındaki anlam ilişkisine göre en uygun bağlaç 'bu yüzden' olur.,Fakat.,Bu seçenek metindeki bilgiyle uyuşmuyor. İki bölüm arasındaki anlam ilişkisine göre en uygun bağlaç 'bu yüzden' olur.,Henüz.,Bu seçenek metindeki bilgiyle uyuşmuyor. İki bölüm arasındaki anlam ilişkisine göre en uygun bağlaç 'bu yüzden' olur.,B
B1LIFE163,B1,medium,grammar,Grammar in Context,Sonuç ilişkisi,"Cümleyi en uygun bağlaçla tamamlayın: Hava soğuktu, ___ dışarı çıkarken mont giydim.",Ancak.,Bu seçenek metindeki bilgiyle uyuşmuyor. İki bölüm arasındaki anlam ilişkisine göre en uygun bağlaç 'bu yüzden' olur.,Sanki.,Bu seçenek metindeki bilgiyle uyuşmuyor. İki bölüm arasındaki anlam ilişkisine göre en uygun bağlaç 'bu yüzden' olur.,Bu yüzden.,Doğru. İki bölüm arasındaki anlam ilişkisine göre en uygun bağlaç 'bu yüzden' olur.,Oysa.,Bu seçenek metindeki bilgiyle uyuşmuyor. İki bölüm arasındaki anlam ilişkisine göre en uygun bağlaç 'bu yüzden' olur.,C
B1LIFE164,B1,medium,grammar,Grammar in Context,Sonuç ilişkisi,"Cümleyi en uygun bağlaçla tamamlayın: Çok çalıştı, ___ sınavdan iyi bir sonuç aldı.",Ama.,Bu seçenek metindeki bilgiyle uyuşmuyor. İki bölüm arasındaki anlam ilişkisine göre en uygun bağlaç 'bu yüzden' olur.,Çünkü.,Bu seçenek metindeki bilgiyle uyuşmuyor. İki bölüm arasındaki anlam ilişkisine göre en uygun bağlaç 'bu yüzden' olur.,Henüz.,Bu seçenek metindeki bilgiyle uyuşmuyor. İki bölüm arasındaki anlam ilişkisine göre en uygun bağlaç 'bu yüzden' olur.,Bu yüzden.,Doğru. İki bölüm arasındaki anlam ilişkisine göre en uygun bağlaç 'bu yüzden' olur.,D
B1LIFE165,B1,medium,grammar,Grammar in Context,Neden ilişkisi,Cümleyi en uygun bağlaçla tamamlayın: Bu kafeyi seviyorum ___ burada genellikle sakin oluyor.,Çünkü.,Doğru. İki bölüm arasındaki anlam ilişkisine göre en uygun bağlaç 'çünkü' olur.,Ama.,Bu seçenek metindeki bilgiyle uyuşmuyor. İki bölüm arasındaki anlam ilişkisine göre en uygun bağlaç 'çünkü' olur.,Bu yüzden.,Bu seçenek metindeki bilgiyle uyuşmuyor. İki bölüm arasındaki anlam ilişkisine göre en uygun bağlaç 'çünkü' olur.,Rağmen.,Bu seçenek metindeki bilgiyle uyuşmuyor. İki bölüm arasındaki anlam ilişkisine göre en uygun bağlaç 'çünkü' olur.,A
B1LIFE166,B1,medium,grammar,Grammar in Context,Neden ilişkisi,Cümleyi en uygun bağlaçla tamamlayın: Erken çıktık ___ trafikte kalmak istemiyorduk.,Fakat.,Bu seçenek metindeki bilgiyle uyuşmuyor. İki bölüm arasındaki anlam ilişkisine göre en uygun bağlaç 'çünkü' olur.,Çünkü.,Doğru. İki bölüm arasındaki anlam ilişkisine göre en uygun bağlaç 'çünkü' olur.,Bu yüzden.,Bu seçenek metindeki bilgiyle uyuşmuyor. İki bölüm arasındaki anlam ilişkisine göre en uygun bağlaç 'çünkü' olur.,Oysa.,Bu seçenek metindeki bilgiyle uyuşmuyor. İki bölüm arasındaki anlam ilişkisine göre en uygun bağlaç 'çünkü' olur.,B
B1LIFE167,B1,medium,grammar,Grammar in Context,Karşıtlık ilişkisi,Cümleyi en uygun bağlaçla tamamlayın: Ürün pahalıydı ___ kalitesi gerçekten iyiydi.,Çünkü.,Bu seçenek metindeki bilgiyle uyuşmuyor. İki bölüm arasındaki anlam ilişkisine göre en uygun bağlaç 'ama' olur.,Bu yüzden.,Bu seçenek metindeki bilgiyle uyuşmuyor. İki bölüm arasındaki anlam ilişkisine göre en uygun bağlaç 'ama' olur.,Ama.,Doğru. İki bölüm arasındaki anlam ilişkisine göre en uygun bağlaç 'ama' olur.,Için.,Bu seçenek metindeki bilgiyle uyuşmuyor. İki bölüm arasındaki anlam ilişkisine göre en uygun bağlaç 'ama' olur.,C
B1LIFE168,B1,medium,grammar,Grammar in Context,Karşıtlık ilişkisi,Cümleyi en uygun bağlaçla tamamlayın: Yorgundum ___ arkadaşlarımla buluşmaya gittim.,Çünkü.,Bu seçenek metindeki bilgiyle uyuşmuyor. İki bölüm arasındaki anlam ilişkisine göre en uygun bağlaç 'ama' olur.,Bu yüzden.,Bu seçenek metindeki bilgiyle uyuşmuyor. İki bölüm arasındaki anlam ilişkisine göre en uygun bağlaç 'ama' olur.,Gibi.,Bu seçenek metindeki bilgiyle uyuşmuyor. İki bölüm arasındaki anlam ilişkisine göre en uygun bağlaç 'ama' olur.,Ama.,Doğru. İki bölüm arasındaki anlam ilişkisine göre en uygun bağlaç 'ama' olur.,D
B1LIFE169,B1,medium,grammar,Grammar in Context,Sonuç ilişkisi,"Cümleyi en uygun bağlaçla tamamlayın: Dersi anlamadım, ___ öğretmene tekrar sordum.",Bu yüzden.,Doğru. İki bölüm arasındaki anlam ilişkisine göre en uygun bağlaç 'bu yüzden' olur.,Ama.,Bu seçenek metindeki bilgiyle uyuşmuyor. İki bölüm arasındaki anlam ilişkisine göre en uygun bağlaç 'bu yüzden' olur.,Çünkü.,Bu seçenek metindeki bilgiyle uyuşmuyor. İki bölüm arasındaki anlam ilişkisine göre en uygun bağlaç 'bu yüzden' olur.,Oysa.,Bu seçenek metindeki bilgiyle uyuşmuyor. İki bölüm arasındaki anlam ilişkisine göre en uygun bağlaç 'bu yüzden' olur.,A
B1LIFE170,B1,medium,grammar,Grammar in Context,Karşıtlık ilişkisi,"Cümleyi en uygun bağlaçla tamamlayın: Telefonumun şarjı azdı, ___ yanımda şarj aleti vardı.",Bu yüzden.,Bu seçenek metindeki bilgiyle uyuşmuyor. İki bölüm arasındaki anlam ilişkisine göre en uygun bağlaç 'ama' olur.,Ama.,Doğru. İki bölüm arasındaki anlam ilişkisine göre en uygun bağlaç 'ama' olur.,Çünkü.,Bu seçenek metindeki bilgiyle uyuşmuyor. İki bölüm arasındaki anlam ilişkisine göre en uygun bağlaç 'ama' olur.,Için.,Bu seçenek metindeki bilgiyle uyuşmuyor. İki bölüm arasındaki anlam ilişkisine göre en uygun bağlaç 'ama' olur.,B
B1LIFE171,B1,medium,reading,Neighborhood & Community,local information,Yerel duyuru: Mahalle parkındaki bankların boyanacağı için park sabah kapalı olacak. Bu bilgiden ne anlıyoruz?,Duyuru bütün mahallenin taşınacağını söylüyor.,"Bu seçenek metindeki bilgiyle uyuşmuyor. Doğru seçenek, yerel duyurunun pratik sonucunu özetler.",Hiçbir değişiklik olmayacak.,"Bu seçenek metindeki bilgiyle uyuşmuyor. Doğru seçenek, yerel duyurunun pratik sonucunu özetler.",Park sabah kullanılamayacak.,"Doğru. Doğru seçenek, yerel duyurunun pratik sonucunu özetler.",Duyuru yalnızca geçmişte olan bir olayı anlatıyor.,"Bu seçenek metindeki bilgiyle uyuşmuyor. Doğru seçenek, yerel duyurunun pratik sonucunu özetler.",C
B1LIFE172,B1,medium,reading,Neighborhood & Community,local information,Yerel duyuru: Sokağın bir bölümünde su borusu tamiri yapılacak. Bu bilgiden ne anlıyoruz?,Duyuru bütün mahallenin taşınacağını söylüyor.,"Bu seçenek metindeki bilgiyle uyuşmuyor. Doğru seçenek, yerel duyurunun pratik sonucunu özetler.",Hiçbir değişiklik olmayacak.,"Bu seçenek metindeki bilgiyle uyuşmuyor. Doğru seçenek, yerel duyurunun pratik sonucunu özetler.",Duyuru yalnızca geçmişte olan bir olayı anlatıyor.,"Bu seçenek metindeki bilgiyle uyuşmuyor. Doğru seçenek, yerel duyurunun pratik sonucunu özetler.",Bölgede kısa süreli çalışma olacak.,"Doğru. Doğru seçenek, yerel duyurunun pratik sonucunu özetler.",D
B1LIFE173,B1,medium,reading,Neighborhood & Community,local information,Yerel duyuru: Apartmanda yarın elektrik kontrolü yapılacak. Bu bilgiden ne anlıyoruz?,Bazı elektrik noktaları geçici olarak kapatılabilir.,"Doğru. Doğru seçenek, yerel duyurunun pratik sonucunu özetler.",Duyuru bütün mahallenin taşınacağını söylüyor.,"Bu seçenek metindeki bilgiyle uyuşmuyor. Doğru seçenek, yerel duyurunun pratik sonucunu özetler.",Hiçbir değişiklik olmayacak.,"Bu seçenek metindeki bilgiyle uyuşmuyor. Doğru seçenek, yerel duyurunun pratik sonucunu özetler.",Duyuru yalnızca geçmişte olan bir olayı anlatıyor.,"Bu seçenek metindeki bilgiyle uyuşmuyor. Doğru seçenek, yerel duyurunun pratik sonucunu özetler.",A
B1LIFE174,B1,medium,reading,Neighborhood & Community,local information,Yerel duyuru: Mahalle pazarının bu hafta başka sokağa kurulacağı açıklandı. Bu bilgiden ne anlıyoruz?,Duyuru bütün mahallenin taşınacağını söylüyor.,"Bu seçenek metindeki bilgiyle uyuşmuyor. Doğru seçenek, yerel duyurunun pratik sonucunu özetler.",Pazarın yeri geçici olarak değişecek.,"Doğru. Doğru seçenek, yerel duyurunun pratik sonucunu özetler.",Hiçbir değişiklik olmayacak.,"Bu seçenek metindeki bilgiyle uyuşmuyor. Doğru seçenek, yerel duyurunun pratik sonucunu özetler.",Duyuru yalnızca geçmişte olan bir olayı anlatıyor.,"Bu seçenek metindeki bilgiyle uyuşmuyor. Doğru seçenek, yerel duyurunun pratik sonucunu özetler.",B
B1LIFE175,B1,medium,reading,Neighborhood & Community,local information,Yerel duyuru: Çöp toplama saati bu hafta iki saat erkene alındı. Bu bilgiden ne anlıyoruz?,Duyuru bütün mahallenin taşınacağını söylüyor.,"Bu seçenek metindeki bilgiyle uyuşmuyor. Doğru seçenek, yerel duyurunun pratik sonucunu özetler.",Hiçbir değişiklik olmayacak.,"Bu seçenek metindeki bilgiyle uyuşmuyor. Doğru seçenek, yerel duyurunun pratik sonucunu özetler.",Çöpü daha erken çıkarmak gerekecek.,"Doğru. Doğru seçenek, yerel duyurunun pratik sonucunu özetler.",Duyuru yalnızca geçmişte olan bir olayı anlatıyor.,"Bu seçenek metindeki bilgiyle uyuşmuyor. Doğru seçenek, yerel duyurunun pratik sonucunu özetler.",C
B1LIFE176,B1,medium,reading,Neighborhood & Community,local information,Yerel duyuru: Binanın giriş kapısı akşam 18.00’den sonra kartla açılacak. Bu bilgiden ne anlıyoruz?,Duyuru bütün mahallenin taşınacağını söylüyor.,"Bu seçenek metindeki bilgiyle uyuşmuyor. Doğru seçenek, yerel duyurunun pratik sonucunu özetler.",Hiçbir değişiklik olmayacak.,"Bu seçenek metindeki bilgiyle uyuşmuyor. Doğru seçenek, yerel duyurunun pratik sonucunu özetler.",Duyuru yalnızca geçmişte olan bir olayı anlatıyor.,"Bu seçenek metindeki bilgiyle uyuşmuyor. Doğru seçenek, yerel duyurunun pratik sonucunu özetler.",Akşam giriş için kart gerekecek.,"Doğru. Doğru seçenek, yerel duyurunun pratik sonucunu özetler.",D
B1LIFE177,B1,medium,reading,Neighborhood & Community,local information,Yerel duyuru: Park alanının bir kısmı bakım nedeniyle üç gün kapalı olacak. Bu bilgiden ne anlıyoruz?,Bazı araçlar başka yere park etmek zorunda kalabilir.,"Doğru. Doğru seçenek, yerel duyurunun pratik sonucunu özetler.",Duyuru bütün mahallenin taşınacağını söylüyor.,"Bu seçenek metindeki bilgiyle uyuşmuyor. Doğru seçenek, yerel duyurunun pratik sonucunu özetler.",Hiçbir değişiklik olmayacak.,"Bu seçenek metindeki bilgiyle uyuşmuyor. Doğru seçenek, yerel duyurunun pratik sonucunu özetler.",Duyuru yalnızca geçmişte olan bir olayı anlatıyor.,"Bu seçenek metindeki bilgiyle uyuşmuyor. Doğru seçenek, yerel duyurunun pratik sonucunu özetler.",A
B1LIFE178,B1,medium,reading,Neighborhood & Community,local information,Yerel duyuru: Mahalle kütüphanesine yeni çalışma masaları eklendi. Bu bilgiden ne anlıyoruz?,Duyuru bütün mahallenin taşınacağını söylüyor.,"Bu seçenek metindeki bilgiyle uyuşmuyor. Doğru seçenek, yerel duyurunun pratik sonucunu özetler.",Kütüphanede daha fazla çalışma yeri olacak.,"Doğru. Doğru seçenek, yerel duyurunun pratik sonucunu özetler.",Hiçbir değişiklik olmayacak.,"Bu seçenek metindeki bilgiyle uyuşmuyor. Doğru seçenek, yerel duyurunun pratik sonucunu özetler.",Duyuru yalnızca geçmişte olan bir olayı anlatıyor.,"Bu seçenek metindeki bilgiyle uyuşmuyor. Doğru seçenek, yerel duyurunun pratik sonucunu özetler.",B
B1LIFE179,B1,medium,reading,Neighborhood & Community,local information,Yerel duyuru: Sitede su deposu temizliği yapılacağı için öğlen su kesilecek. Bu bilgiden ne anlıyoruz?,Duyuru bütün mahallenin taşınacağını söylüyor.,"Bu seçenek metindeki bilgiyle uyuşmuyor. Doğru seçenek, yerel duyurunun pratik sonucunu özetler.",Hiçbir değişiklik olmayacak.,"Bu seçenek metindeki bilgiyle uyuşmuyor. Doğru seçenek, yerel duyurunun pratik sonucunu özetler.",Öğlen bir süre su kullanılamayacak.,"Doğru. Doğru seçenek, yerel duyurunun pratik sonucunu özetler.",Duyuru yalnızca geçmişte olan bir olayı anlatıyor.,"Bu seçenek metindeki bilgiyle uyuşmuyor. Doğru seçenek, yerel duyurunun pratik sonucunu özetler.",C
B1LIFE180,B1,medium,reading,Neighborhood & Community,local information,Yerel duyuru: Yakındaki spor alanı hafta sonu bir etkinlik için ayrıldı. Bu bilgiden ne anlıyoruz?,Duyuru bütün mahallenin taşınacağını söylüyor.,"Bu seçenek metindeki bilgiyle uyuşmuyor. Doğru seçenek, yerel duyurunun pratik sonucunu özetler.",Hiçbir değişiklik olmayacak.,"Bu seçenek metindeki bilgiyle uyuşmuyor. Doğru seçenek, yerel duyurunun pratik sonucunu özetler.",Duyuru yalnızca geçmişte olan bir olayı anlatıyor.,"Bu seçenek metindeki bilgiyle uyuşmuyor. Doğru seçenek, yerel duyurunun pratik sonucunu özetler.",Spor alanı hafta sonu normal kullanıma açık olmayabilir.,"Doğru. Doğru seçenek, yerel duyurunun pratik sonucunu özetler.",D
B1LIFE181,B1,medium,inference,Money & Payments,financial practical action,Bir kişi şu durumla karşılaşıyor: Kartından aynı alışveriş için iki kez ücret çekildiğini fark etti. En uygun adım hangisidir?,Işlemleri kontrol edip bankayla iletişime geçmek.,Doğru. En güvenli ve doğrudan adım işlemleri kontrol edip bankayla iletişime geçmek olur.,Aynı işlemi düşünmeden tekrar etmek.,Bu seçenek metindeki bilgiyle uyuşmuyor. En güvenli ve doğrudan adım işlemleri kontrol edip bankayla iletişime geçmek olur.,Hesap bilgilerini tanımadığı kişilerle paylaşmak.,Bu seçenek metindeki bilgiyle uyuşmuyor. En güvenli ve doğrudan adım işlemleri kontrol edip bankayla iletişime geçmek olur.,Durumu tamamen görmezden gelmek.,Bu seçenek metindeki bilgiyle uyuşmuyor. En güvenli ve doğrudan adım işlemleri kontrol edip bankayla iletişime geçmek olur.,A
B1LIFE182,B1,medium,inference,Money & Payments,financial practical action,Bir kişi şu durumla karşılaşıyor: ATM kartı geri vermedi. En uygun adım hangisidir?,Aynı işlemi düşünmeden tekrar etmek.,Bu seçenek metindeki bilgiyle uyuşmuyor. En güvenli ve doğrudan adım bankanın ilgili destek hattına ulaşmak olur.,Bankanın ilgili destek hattına ulaşmak.,Doğru. En güvenli ve doğrudan adım bankanın ilgili destek hattına ulaşmak olur.,Hesap bilgilerini tanımadığı kişilerle paylaşmak.,Bu seçenek metindeki bilgiyle uyuşmuyor. En güvenli ve doğrudan adım bankanın ilgili destek hattına ulaşmak olur.,Durumu tamamen görmezden gelmek.,Bu seçenek metindeki bilgiyle uyuşmuyor. En güvenli ve doğrudan adım bankanın ilgili destek hattına ulaşmak olur.,B
B1LIFE183,B1,medium,inference,Money & Payments,financial practical action,Bir kişi şu durumla karşılaşıyor: Faturanın son ödeme tarihi bugün. En uygun adım hangisidir?,Aynı işlemi düşünmeden tekrar etmek.,Bu seçenek metindeki bilgiyle uyuşmuyor. En güvenli ve doğrudan adım gecikme olmadan ödemeyi tamamlamak olur.,Hesap bilgilerini tanımadığı kişilerle paylaşmak.,Bu seçenek metindeki bilgiyle uyuşmuyor. En güvenli ve doğrudan adım gecikme olmadan ödemeyi tamamlamak olur.,Gecikme olmadan ödemeyi tamamlamak.,Doğru. En güvenli ve doğrudan adım gecikme olmadan ödemeyi tamamlamak olur.,Durumu tamamen görmezden gelmek.,Bu seçenek metindeki bilgiyle uyuşmuyor. En güvenli ve doğrudan adım gecikme olmadan ödemeyi tamamlamak olur.,C
B1LIFE184,B1,medium,inference,Money & Payments,financial practical action,Bir kişi şu durumla karşılaşıyor: Hesap hareketinde tanımadığı bir ödeme gördü. En uygun adım hangisidir?,Aynı işlemi düşünmeden tekrar etmek.,Bu seçenek metindeki bilgiyle uyuşmuyor. En güvenli ve doğrudan adım işlemi inceleyip bankaya bildirmek olur.,Hesap bilgilerini tanımadığı kişilerle paylaşmak.,Bu seçenek metindeki bilgiyle uyuşmuyor. En güvenli ve doğrudan adım işlemi inceleyip bankaya bildirmek olur.,Durumu tamamen görmezden gelmek.,Bu seçenek metindeki bilgiyle uyuşmuyor. En güvenli ve doğrudan adım işlemi inceleyip bankaya bildirmek olur.,Işlemi inceleyip bankaya bildirmek.,Doğru. En güvenli ve doğrudan adım işlemi inceleyip bankaya bildirmek olur.,D
B1LIFE185,B1,medium,inference,Money & Payments,financial practical action,Bir kişi şu durumla karşılaşıyor: Online ödeme sırasında sayfa kapandı ama para çekilmiş görünüyor. En uygun adım hangisidir?,Işlem durumunu kontrol etmeden tekrar ödeme yapmamak.,Doğru. En güvenli ve doğrudan adım işlem durumunu kontrol etmeden tekrar ödeme yapmamak olur.,Aynı işlemi düşünmeden tekrar etmek.,Bu seçenek metindeki bilgiyle uyuşmuyor. En güvenli ve doğrudan adım işlem durumunu kontrol etmeden tekrar ödeme yapmamak olur.,Hesap bilgilerini tanımadığı kişilerle paylaşmak.,Bu seçenek metindeki bilgiyle uyuşmuyor. En güvenli ve doğrudan adım işlem durumunu kontrol etmeden tekrar ödeme yapmamak olur.,Durumu tamamen görmezden gelmek.,Bu seçenek metindeki bilgiyle uyuşmuyor. En güvenli ve doğrudan adım işlem durumunu kontrol etmeden tekrar ödeme yapmamak olur.,A
B1LIFE186,B1,medium,inference,Money & Payments,financial practical action,Bir kişi şu durumla karşılaşıyor: Yeni kartının şifresini unuttu. En uygun adım hangisidir?,Aynı işlemi düşünmeden tekrar etmek.,Bu seçenek metindeki bilgiyle uyuşmuyor. En güvenli ve doğrudan adım bankanın güvenli şifre yenileme yöntemini kullanmak olur.,Bankanın güvenli şifre yenileme yöntemini kullanmak.,Doğru. En güvenli ve doğrudan adım bankanın güvenli şifre yenileme yöntemini kullanmak olur.,Hesap bilgilerini tanımadığı kişilerle paylaşmak.,Bu seçenek metindeki bilgiyle uyuşmuyor. En güvenli ve doğrudan adım bankanın güvenli şifre yenileme yöntemini kullanmak olur.,Durumu tamamen görmezden gelmek.,Bu seçenek metindeki bilgiyle uyuşmuyor. En güvenli ve doğrudan adım bankanın güvenli şifre yenileme yöntemini kullanmak olur.,B
B1LIFE187,B1,medium,inference,Money & Payments,financial practical action,Bir kişi şu durumla karşılaşıyor: Bir ödeme için makbuz isteniyor. En uygun adım hangisidir?,Aynı işlemi düşünmeden tekrar etmek.,Bu seçenek metindeki bilgiyle uyuşmuyor. En güvenli ve doğrudan adım işlemin dekontunu indirmek veya istemek olur.,Hesap bilgilerini tanımadığı kişilerle paylaşmak.,Bu seçenek metindeki bilgiyle uyuşmuyor. En güvenli ve doğrudan adım işlemin dekontunu indirmek veya istemek olur.,Işlemin dekontunu indirmek veya istemek.,Doğru. En güvenli ve doğrudan adım işlemin dekontunu indirmek veya istemek olur.,Durumu tamamen görmezden gelmek.,Bu seçenek metindeki bilgiyle uyuşmuyor. En güvenli ve doğrudan adım işlemin dekontunu indirmek veya istemek olur.,C
B1LIFE188,B1,medium,inference,Money & Payments,financial practical action,Bir kişi şu durumla karşılaşıyor: Kartının son kullanma tarihi yaklaşıyor. En uygun adım hangisidir?,Aynı işlemi düşünmeden tekrar etmek.,Bu seçenek metindeki bilgiyle uyuşmuyor. En güvenli ve doğrudan adım yeni kart sürecini kontrol etmek olur.,Hesap bilgilerini tanımadığı kişilerle paylaşmak.,Bu seçenek metindeki bilgiyle uyuşmuyor. En güvenli ve doğrudan adım yeni kart sürecini kontrol etmek olur.,Durumu tamamen görmezden gelmek.,Bu seçenek metindeki bilgiyle uyuşmuyor. En güvenli ve doğrudan adım yeni kart sürecini kontrol etmek olur.,Yeni kart sürecini kontrol etmek.,Doğru. En güvenli ve doğrudan adım yeni kart sürecini kontrol etmek olur.,D
B1LIFE189,B1,medium,inference,Money & Payments,financial practical action,Bir kişi şu durumla karşılaşıyor: Havale yaparken hesap numarasından emin değil. En uygun adım hangisidir?,Göndermeden önce alıcı bilgilerini doğrulamak.,Doğru. En güvenli ve doğrudan adım göndermeden önce alıcı bilgilerini doğrulamak olur.,Aynı işlemi düşünmeden tekrar etmek.,Bu seçenek metindeki bilgiyle uyuşmuyor. En güvenli ve doğrudan adım göndermeden önce alıcı bilgilerini doğrulamak olur.,Hesap bilgilerini tanımadığı kişilerle paylaşmak.,Bu seçenek metindeki bilgiyle uyuşmuyor. En güvenli ve doğrudan adım göndermeden önce alıcı bilgilerini doğrulamak olur.,Durumu tamamen görmezden gelmek.,Bu seçenek metindeki bilgiyle uyuşmuyor. En güvenli ve doğrudan adım göndermeden önce alıcı bilgilerini doğrulamak olur.,A
B1LIFE190,B1,medium,inference,Money & Payments,financial practical action,Bir kişi şu durumla karşılaşıyor: Aylık bütçesini aşmaya başladığını fark etti. En uygun adım hangisidir?,Aynı işlemi düşünmeden tekrar etmek.,Bu seçenek metindeki bilgiyle uyuşmuyor. En güvenli ve doğrudan adım harcamalarını gözden geçirmek olur.,Harcamalarını gözden geçirmek.,Doğru. En güvenli ve doğrudan adım harcamalarını gözden geçirmek olur.,Hesap bilgilerini tanımadığı kişilerle paylaşmak.,Bu seçenek metindeki bilgiyle uyuşmuyor. En güvenli ve doğrudan adım harcamalarını gözden geçirmek olur.,Durumu tamamen görmezden gelmek.,Bu seçenek metindeki bilgiyle uyuşmuyor. En güvenli ve doğrudan adım harcamalarını gözden geçirmek olur.,B
B1LIFE191,B1,medium,reading,Life Comprehension,short passage inference,Merve son aylarda işe bisikletle gitmeye başladı. Yol biraz daha uzun sürse de sabahları daha enerjik hissettiğini söylüyor. Merve neden bisikletle gitmeye devam ediyor?,Yol daha kısa olduğu için.,"Bu seçenek metindeki bilgiyle uyuşmuyor. Cevap, kısa metindeki açık bilgi ve sonuç ilişkisine dayanır.",Bisikleti satmak istediği için.,"Bu seçenek metindeki bilgiyle uyuşmuyor. Cevap, kısa metindeki açık bilgi ve sonuç ilişkisine dayanır.",Kendini daha enerjik hissettiği için.,"Doğru. Cevap, kısa metindeki açık bilgi ve sonuç ilişkisine dayanır.",İşe gitmek istemediği için.,"Bu seçenek metindeki bilgiyle uyuşmuyor. Cevap, kısa metindeki açık bilgi ve sonuç ilişkisine dayanır.",C
B1LIFE192,B1,medium,reading,Life Comprehension,short passage inference,Ahmet yeni taşındığı mahallede önce kimseyi tanımıyordu. Daha sonra hafta sonu düzenlenen kitap kulübüne katıldı ve birkaç kişiyle arkadaş oldu. Kitap kulübünün Ahmet’e ne faydası oldu?,Evini değiştirmesine yardımcı oldu.,"Bu seçenek metindeki bilgiyle uyuşmuyor. Cevap, kısa metindeki açık bilgi ve sonuç ilişkisine dayanır.",İş bulmasını sağladı.,"Bu seçenek metindeki bilgiyle uyuşmuyor. Cevap, kısa metindeki açık bilgi ve sonuç ilişkisine dayanır.",Daha az kitap okumasını sağladı.,"Bu seçenek metindeki bilgiyle uyuşmuyor. Cevap, kısa metindeki açık bilgi ve sonuç ilişkisine dayanır.",Yeni insanlarla tanışmasına yardımcı oldu.,"Doğru. Cevap, kısa metindeki açık bilgi ve sonuç ilişkisine dayanır.",D
B1LIFE193,B1,medium,reading,Life Comprehension,short passage inference,Duru markete gitmeden önce bir liste hazırlıyor. Böylece ihtiyacı olmayan şeyleri daha az aldığını fark etti. Duru neden liste hazırlıyor?,Gereksiz alışverişi azaltmak için.,"Doğru. Cevap, kısa metindeki açık bilgi ve sonuç ilişkisine dayanır.",Markette daha uzun kalmak için.,"Bu seçenek metindeki bilgiyle uyuşmuyor. Cevap, kısa metindeki açık bilgi ve sonuç ilişkisine dayanır.",Fiyatları artırmak için.,"Bu seçenek metindeki bilgiyle uyuşmuyor. Cevap, kısa metindeki açık bilgi ve sonuç ilişkisine dayanır.",Liste yazmayı unutmak için.,"Bu seçenek metindeki bilgiyle uyuşmuyor. Cevap, kısa metindeki açık bilgi ve sonuç ilişkisine dayanır.",A
B1LIFE194,B1,medium,reading,Life Comprehension,short passage inference,Kuzey her sabah telefonundaki bildirimlere bakarak güne başlıyordu. Son zamanlarda ilk yarım saat telefonunu açmamaya karar verdi ve daha sakin hissetmeye başladı. Kuzey hangi değişikliği yaptı?,Telefonunu tamamen sattı.,"Bu seçenek metindeki bilgiyle uyuşmuyor. Cevap, kısa metindeki açık bilgi ve sonuç ilişkisine dayanır.",Sabah ilk yarım saat telefona bakmamaya başladı.,"Doğru. Cevap, kısa metindeki açık bilgi ve sonuç ilişkisine dayanır.",Sabah daha erken bildirim gönderiyor.,"Bu seçenek metindeki bilgiyle uyuşmuyor. Cevap, kısa metindeki açık bilgi ve sonuç ilişkisine dayanır.",Telefonunu gece boyunca açık tutmuyor.,"Bu seçenek metindeki bilgiyle uyuşmuyor. Cevap, kısa metindeki açık bilgi ve sonuç ilişkisine dayanır.",B
B1LIFE195,B1,medium,reading,Life Comprehension,short passage inference,Eylül evden çalışırken yemek masasında çalışıyordu. Dikkati çok dağıldığı için odanın bir köşesini küçük bir çalışma alanına çevirdi. Eylül neden ayrı bir çalışma alanı hazırladı?,Daha fazla yemek pişirmek için.,"Bu seçenek metindeki bilgiyle uyuşmuyor. Cevap, kısa metindeki açık bilgi ve sonuç ilişkisine dayanır.",Masa satın almak istemediği için.,"Bu seçenek metindeki bilgiyle uyuşmuyor. Cevap, kısa metindeki açık bilgi ve sonuç ilişkisine dayanır.",Daha iyi odaklanmak için.,"Doğru. Cevap, kısa metindeki açık bilgi ve sonuç ilişkisine dayanır.",Odayı tamamen boşaltmak için.,"Bu seçenek metindeki bilgiyle uyuşmuyor. Cevap, kısa metindeki açık bilgi ve sonuç ilişkisine dayanır.",C
B1LIFE196,B1,medium,reading,Life Comprehension,short passage inference,Bora hafta içi çok yoğun olduğu için arkadaşlarını sık göremiyordu. Bu nedenle ayda bir pazar gününü önceden buluşma günü olarak ayırmaya başladı. Bora'nın çözümü nedir?,Arkadaşlarıyla hiç görüşmemek.,"Bu seçenek metindeki bilgiyle uyuşmuyor. Cevap, kısa metindeki açık bilgi ve sonuç ilişkisine dayanır.",Her gün plansız buluşmak.,"Bu seçenek metindeki bilgiyle uyuşmuyor. Cevap, kısa metindeki açık bilgi ve sonuç ilişkisine dayanır.",Hafta sonu çalışmaya başlamak.,"Bu seçenek metindeki bilgiyle uyuşmuyor. Cevap, kısa metindeki açık bilgi ve sonuç ilişkisine dayanır.",Buluşmalar için önceden düzenli bir gün ayırmak.,"Doğru. Cevap, kısa metindeki açık bilgi ve sonuç ilişkisine dayanır.",D
B1LIFE197,B1,medium,reading,Life Comprehension,short passage inference,Nil internetten aldığı kıyafetlerin bedenlerini sık sık yanlış seçiyordu. Son siparişinden önce beden tablosunu dikkatlice kontrol etti ve ürün bu kez tam oldu. Nil bu kez neden daha iyi sonuç aldı?,Beden tablosunu kontrol ettiği için.,"Doğru. Cevap, kısa metindeki açık bilgi ve sonuç ilişkisine dayanır.",Daha pahalı ürün aldığı için.,"Bu seçenek metindeki bilgiyle uyuşmuyor. Cevap, kısa metindeki açık bilgi ve sonuç ilişkisine dayanır.",Teslimat daha geç olduğu için.,"Bu seçenek metindeki bilgiyle uyuşmuyor. Cevap, kısa metindeki açık bilgi ve sonuç ilişkisine dayanır.",Rengi değiştirdiği için.,"Bu seçenek metindeki bilgiyle uyuşmuyor. Cevap, kısa metindeki açık bilgi ve sonuç ilişkisine dayanır.",A
B1LIFE198,B1,medium,reading,Life Comprehension,short passage inference,Emir işe giderken hep aynı yolu kullanıyordu. Yol çalışması başlayınca navigasyon uygulamasındaki alternatif güzergâhı denedi ve daha az bekledi. Emir ne yaptı?,İşe gitmekten vazgeçti.,"Bu seçenek metindeki bilgiyle uyuşmuyor. Cevap, kısa metindeki açık bilgi ve sonuç ilişkisine dayanır.",Alternatif bir yol kullandı.,"Doğru. Cevap, kısa metindeki açık bilgi ve sonuç ilişkisine dayanır.",Yol çalışmasını kendisi bitirdi.,"Bu seçenek metindeki bilgiyle uyuşmuyor. Cevap, kısa metindeki açık bilgi ve sonuç ilişkisine dayanır.",Aracını sattı.,"Bu seçenek metindeki bilgiyle uyuşmuyor. Cevap, kısa metindeki açık bilgi ve sonuç ilişkisine dayanır.",B
B1LIFE199,B1,medium,reading,Life Comprehension,short passage inference,Sena her ay küçük bir miktarı ayrı bir hesaba aktarıyor. Büyük bir harcama çıktığında bütün bütçesinin bozulmadığını fark etti. Sena'nın alışkanlığının faydası nedir?,Her ay daha fazla borçlanmak.,"Bu seçenek metindeki bilgiyle uyuşmuyor. Cevap, kısa metindeki açık bilgi ve sonuç ilişkisine dayanır.",Tüm parasını hemen harcamak.,"Bu seçenek metindeki bilgiyle uyuşmuyor. Cevap, kısa metindeki açık bilgi ve sonuç ilişkisine dayanır.",Beklenmedik harcamalara karşı birikim oluşturmak.,"Doğru. Cevap, kısa metindeki açık bilgi ve sonuç ilişkisine dayanır.",Hesaplarını kapatmak.,"Bu seçenek metindeki bilgiyle uyuşmuyor. Cevap, kısa metindeki açık bilgi ve sonuç ilişkisine dayanır.",C
B1LIFE200,B1,medium,reading,Life Comprehension,short passage inference,Levent evde yemek yapmaya yeni başladı. İlk başta tarifleri aynen takip ediyordu; şimdi temel adımları öğrendiği için bazı malzemeleri kendi zevkine göre değiştirebiliyor. Levent hakkında ne söylenebilir?,Artık hiç tarif kullanamıyor.,"Bu seçenek metindeki bilgiyle uyuşmuyor. Cevap, kısa metindeki açık bilgi ve sonuç ilişkisine dayanır.",Yemek yapmayı tamamen bıraktı.,"Bu seçenek metindeki bilgiyle uyuşmuyor. Cevap, kısa metindeki açık bilgi ve sonuç ilişkisine dayanır.",Sadece dışarıdan yemek söylüyor.,"Bu seçenek metindeki bilgiyle uyuşmuyor. Cevap, kısa metindeki açık bilgi ve sonuç ilişkisine dayanır.",Yemek yapma konusunda daha deneyimli oldu.,"Doğru. Cevap, kısa metindeki açık bilgi ve sonuç ilişkisine dayanır.",D
